Column 1,Column 2,Column 3,Column 4,Column 5,Column 6,Column 7,Column 8,Column 9,Column 10,Column 11,Column 12,Column 13,Column 14,Column 15,Column 16,Column 17,Column 18,Column 19,Column 20,Column 21,Column 22,Column 23,Column 24,Column 25,Column 26,Column 27,Column 28,Column 29,Column 30,Column 31,Column 32,Column 33,Column 34,Column 35,Column 36,Column 37,Column 38,Column 39,Column 40,Column 41,Column 42,Column 43,Column 44,Column 45,Column 46,Column 47,Column 48,Column 49,Column 50,Column 51,Column 52,Column 53,Column 54,Column 55,Column 56,Column 57,Column 58,Column 59,Column 60,Column 61,Column 62,Column 63,Column 64,Column 65,Column 66,Column 67,Column 68,Column 69,Column 70,Column 71,Column 72,Column 73,Column 74,Column 75,Column 76,Column 77,Column 78,Column 79,Column 80,Column 81,Column 82,Column 83,Column 84
1.0,NE,SE,2800308.0,ARACAJÚ,Serviços de Abrigamento,Serviços de Abrigamento,Casa Abrigo Professora Núbia Marques - Aracajú ,Secretaria Municipal da Família e Assistência Social,(79)9881-3995/(79)3179-1442/(79)8847-3099,abrigo.nubiamarques@aracaju.gov.br ,Rejane Silva Costa,(79)9881-3995,CONFERIDO,JUNHO,CAMILLA PAOLONE,CONFERIDO,JUNHO,2014-06-25T00:00:00Z,2003-06-25T00:00:00Z,2003.0,24h,CREAS/ Delegacias ,NÃO,SIM,1.0,NÃO,0.0,NÃO,0.0,NÃO,0.0,NÃO,0.0,SIM,1.0,NÃO,NÃO,SIM,NÃO,SIM,NÃO,SEM ESPECIFICAÇÃO,SIM,SIM,SIM,NÃO,NÃO,SIM,SEM ESPECIFICAÇÃO,SIM,SIM,1.0,SIM,1.0,SIM,1.0,SIM,1.0,SIM,1.0,NÃO,0.0,SIM,15.0,SIM,3.0,NÃO,SEM ESPECIFICAÇÃO,SIM,NÃO,SIM,NÃO,SIM,NÃO,SEM ESPECIFICAÇÃO,SIM,NÃO INFORMADO,LEVANTAMENTO REALIZADO COM SUCESSO,SEM ESPECIFICAÇÃO,Rejane Silva Costa / Coordenadora ,GERSILENE,,
2.0,S,PR,4104808.0,CASCAVEL,Serviços de Abrigamento,Serviços de Abrigamento,Serviço de acolhimento Institucional para Mulheres em Situação de Violência Vanusa Covatti - Cascavel,Secretaria de Assistência Social,     (45)3902-1146              fax:(45)3902-1146                (45)8433-6121,abrigodemulheres@cascavel.pr.gov.br ,Rosneri Antonia Zimermann.,(45)9955-9956,CONFERIDO,JUNHO,CAMILLA PAOLONE,CONFERIDO,JUNHO,2014-06-18T00:00:00Z,2005-03-08T00:00:00Z,2005.0," 24h

","Delegacia da Mulher, 15ª Delegacia de Polícia Civil, Polícia Militar, Ministério Público, CREAS 03 e o Conselho Tutelar.",SIM,SIM,1.0,SIM,3.0,SIM,1.0,SIM,1.0,SIM,4.0,SIM,1.0,SIM,"Oito educadoras sociais, uma zeladora e uma supervisora de equipe com formação em serviço social. ",SIM,NÃO,SIM,SIM,"Acolhe em situação de rua até localizar a família, pois no albergue não pode ficar durante o dia.",SIM,SIM,SIM,NÃO,NÃO,NÃO,SEM ESPECIFICAÇÃO,SIM,SIM,2.0,SIM,1.0,SIM,3.0,SIM,1.0,SIM,3.0,SIM,2.0,SIM,20.0,SIM,2.0,SIM,"Uma secadora de roupa, um microondas, um forno elétrico, um fogão industrial, dois DVDs e uma máquina de costura.  ",SIM,NÃO,SIM,SIM,SIM,NÃO, SEM ESPECIFICAÇÃO,SIM,SEM ESPECIFICAÇÃO,LEVANTAMENTO REALIZADO COM SUCESSO,SEM ESPECIFICAÇÃO,"Rosneri Antonia Zimermann.
Coordenadora
",Maria Mônica Ferreira.,,
3.0,N,PA,1501402.0,BELÉM,Serviços de Abrigamento,Serviços de Abrigamento,Abrigo Estadual de Mulheres em situação de Violência Doméstica e Familiar - Belém,Secretaria de Estado de Assistência Social.,(91)8895-6760                 (91)3246-6470,abrigoestadual@yahoo.com,Maricely Silva Bassalo ,(91)8895-6760                 ,ALTERADO - DADOS,JUNHO,CAMILLA PAOLONE,CONFERIDO,JUNHO,2014-06-13T00:00:00Z,1998-06-20T00:00:00Z,1998.0,24hs,Polícia civil e Deam.,SIM,SIM,2.0,SIM,3.0,SIM,1.0,NÃO,0.0,SIM,4.0,SIM,1.0,SIM,"Uma técnica de enfermagem, três cozinheiras, três auxiliares de cozinha, quatro serviços gerais, doze monitoras e uma agente administrativa.",SIM,SIM,NÃO,NÃO,SEM ESPECIFICAÇÃO,SIM,SIM,NÃO,NÃO,NÃO,NÃO,SEM ESPECIFICAÇÃO,SIM,SIM,2.0,SIM,1.0,SIM,4.0,SIM,2.0,SIM,1.0,SIM,1.0,SIM,16.0,SIM,6.0,SIM,"Dez berços, um projetor, uma máquina fotográfica e um dvd.  ",SIM,NÃO,NÃO,SIM,SIM,NÃO,SEM ESPECIFICAÇÃO,SIM,SEM ESPECIFICAÇÃO,LEVANTAMENTO REALIZADO COM SUCESSO,SEM ESPECIFICAÇÃO,"Maricely Silva Bassalo.
Coordenadora
",Maria Mônica Ferreira.,,
4.0,S,PR,4108304.0,FOZ DO IGUAÇU,Serviços de Abrigamento,Serviços de Abrigamento,Casa de Apoio feminina Unidade Casa Abrigo para Mulheres - Foz do Iguaçu,Secretaria de Assistência Social e Centro de Referência de Atendimento a Mulher.,(45)3901-3440       (45)8424-4777             ,abrigomulher@gmail.com ,Nilsedaca Sadovski de Lima Ribeiro.,(45)9964-2649,ALTERADO - DADOS,JUNHO,CAMILLA PAOLONE,CONFERIDO,JUNHO,2014-06-18T00:00:00Z,2004-04-01T00:00:00Z,2004.0,24h,A delegacia da Mulher e o CRAM.,NÃO,SIM,1.0,SIM,1.0,NÃO,0.0,SIM,1.0,NÃO,0.0,NÃO,0.0,SIM,"Duas educadoras e uma cozinheira.
",SIM,NÃO,NÃO,NÃO,SEM ESPECIFICAÇÃO,SIM,SIM,NÃO,NÃO,NÃO,NÃO,SEM ESPECIFICAÇÃO,SIM,SIM,2.0,NÃO,0.0,NÃO,0.0,NÃO,0.0,SIM,1.0,SIM,1.0,SIM,13.0,SIM,1.0,NÃO,SEM ESPECIFICAÇÃO,SIM,NÃO,SIM,NÃO,SIM,NÃO,SEM ESPECIFICAÇÃO,SIM,SEM ESPECIFICAÇÃO,LEVANTAMENTO REALIZADO COM SUCESSO,SEM ESPECIFICAÇÃO,"Nilsedaca Sadovski de Lima Ribeiro.
Coordenadora
",Maria Mônica Ferreira.,,
5.0,NE,PI,2211001.0,TERESINA,Serviços de Abrigamento,Serviços de Abrigamento,Casa Abrigo Mulher Viva ,Secretaria Estadual de Assistência Social e Cidadania,(86)9481-8514 / (86) 8818-3355 ,acnasci38@hotmail.com,Ana Cleide Ferreira do Nascimento,(86)9481-8514 ,CONFERIDO,JULHO,CAMILLA PAOLONE,CONFERIDO,JUNHO,2014-06-30T00:00:00Z,2004-03-08T00:00:00Z,2004.0,24 horas,"Delegacia especializada, núcleo de defesa da mulher (defensoria pública), CREAS",SIM,SIM,1.0,SIM,1.0,NÃO,0.0,NÃO,0.0,SIM,1.0,SIM,3.0,NÃO,SEM ESPECIFICAÇÃO,SIM,SIM,SIM,NÃO,NÃO ,SIM,SIM,SIM,NÃO,NÃO,NÃO,SEM ESPECIFICAÇÃO,SIM,SIM,2.0,SIM,1.0,SIM,0.0,SIM,1.0,SIM,3.0,NÃO,0.0,SIM,12.0,SIM,2.0,SIM," A SENHORA ANA CLEIDE INFORMOU QUE NA CASA HÁ UM COMPUTADOR,PORÉM NÃO TEM ACESSO Á INTERNET.",SIM,NÃO,SIM,SIM,SIM,SIM,A SENHORA ANA CLEIDE INFORMOU QUE A CASA NÃO ESTÁ MUITO EM BOM ESTADO DE MANUTENÇÃO E CONSERVAÇÃO.,SIM, NÃO SE APLICA,LEVANTAMENTO REALIZADO COM SUCESSO,SEM ESPECIFICAÇÃO,Ana Cleide Ferreira do Nascimento/ coordenadora,GERSILENE,,
6.0,SE,SP,3548500.0,SANTOS,Serviços de Abrigamento,Serviços de Abrigamento,Seção de Acolhimento e Abrigo Provisório de Mulheres Vítimas de Violência - (CEAPROMVV),Secretaria de Assistência Social,(13)3213-1499 (13) 99634-7404,anasantos@santos.sp.gov.br //seas40@santos.sp.gov.br // seamuv-seac@santos.sp.gov.br,Mirele Santana de Macedo ,(13) 99634-7404,ALTERADO - DADOS,JULHO,CAMILLA PAOLONE,CONFERIDO,JULHO,2014-07-01T00:00:00Z,2000-07-18T00:00:00Z,2000.0,24h,Creas que faz a avaliação para encaminhamento para a casa abrigo após receber de outros órgãos. Deam,SIM,NÃO,0.0,SIM,1.0,NÃO,0.0,NÃO,0.0,NÃO,0.0,SIM,1.0,SIM,Trabalha em parceria com Creas. ,NÃO,SIM,SIM,NÃO,SEM ESPECIFICAÇÃO,SIM,NÃO,NÃO,NÃO,NÃO,NÃO,SEM ESPECIFICAÇÃO,SIM,SIM,2.0,NÃO,0.0,SIM,2.0,SIM,1.0,SIM,2.0,SIM,1.0,SIM,16.0,SIM,2.0,SIM,O telefone é móvel,SIM,NÃO,SIM,NÃO,SIM,NÃO,SEM ESPECIFICAÇÃO,SIM,NÃO,LEVANTAMENTO REALIZADO COM SUCESSO,SEM ESPECIFICAÇÃO,Mirele Santana de Macedo - Chefe da Sessão,Jéssica de Oliveira,,
7.0,NE,PE,2611606.0,RECIFE,Serviços de Abrigamento,Serviços de Abrigamento,Casa Abrigo Sempre Viva ,Secretaria da Mulher de Pernambuco,"
(81)3183-2958 (81)3183-2959 (81)3183-2978 (81)9488-3619
",angelica.brandao@secmulher.pe.gov.br;,Angélica Brandão Sales -Coordenadora Geral de Serviços de Abrigamento do Estado de Pernambuco,(81)9488-4889,CONFERIDO,JULHO,CAMILLA PAOLONE,CONFERIDO,JUNHO,2014-06-25T00:00:00Z,NÃO INFORMADO,2009.0,24h todos os dias da semana inclusive feriados,"Departamento de políticas de mulher Depemu , delegacias comuns especializadas ,  varas e  defensorias ",SIM,SIM,2.0,SIM,2.0,SIM,1.0,SIM,1.0,SIM,4.0,SIM,1.0,SIM,"02 técnica de enfermagem, 01 coordenação, 02 cozinheiras, 01 auxiliar de serviços gerais, 03 educadoras. ",SIM,NÃO,NÃO,SIM,Mulheres abrigadas com risco de morte,SIM,SIM,SIM,NÃO,NÃO,NÃO,NÃO,SIM,SIM,1.0,SIM,1.0,SIM,2.0,SIM,2.0,SIM,1.0,SIM,1.0,SIM,22.0,SIM,1.0,NÃO,NÃO,NÃO,NÃO,SIM,SIM,SIM,NÃO,SEM ESPECIFICAR,SIM,SEM ESPECIFICAÇÃO,LEVANTAMENTO REALIZADO COM SUCESSO,SEM ESPECIFICAÇÃO,Angélica Brandão Sales -Coordenadora Geral de Serviços de Abrigamento do Estado de Pernambuco,Juliana ,,
8.0,NE,PE,2611101.0,PETROLINA,Serviços de Abrigamento,Serviços de Abrigamento,Casa Abrigo de Mulheres Marici Amador ,Secretaria da Mulher de Pernambuco,(87)8802-9930,angelica.brandao@secmulher.pe.gov.br;fabia.lopes@secmulher.pe.gov.br ,Angélica Brandão Sales -Coordenadora Geral de Serviços de Abrigamento do Estado de Pernambuco,(81)9488-4889,ALTERADO - DADOS,JULHO,CAMILLA PAOLONE,CONFERIDO,JULHO,2014-07-01T00:00:00Z,NÃO INFORMADO,2002.0,"24 horas por dia, todos os dias da semana, inclusive, nos feriados e finais de semana","Departamento de políticas de mulher Depemu , delegacias comuns especializadas ,  varas e  defensorias ",SIM,SIM,1.0,SIM,2.0,SIM,1.0,SIM,1.0,SIM,4.0,SIM,1.0,SIM,Cozinheira e  auxiliar de limpeza ,SIM,NÃO,NÃO,NÃO,SEM ESPECIFICAÇÃO,SIM,SIM,SIM,NÃO,NÃO,NÃO,NÃO,SIM,NÃO,0.0,NÃO,1.0,SIM,1.0,SIM,1.0,SIM,1.0,SIM,1.0,SIM,15.0,SIM,1.0,SIM ,Tem 1 Freezer e 1 geladeira ,SIM,NÃO,NÃO,SIM,SIM,NÃO,SEM ESPECIFICAR,SIM,SEM ESPECIFICAÇÃO,LEVANTAMENTO REALIZADO COM SUCESSO,                             SEM ESPECIFICAÇÃO,Angélica Brandão Sales -Coordenadora Geral de Serviços de Abrigamento do Estado de Pernambuco,Juliana ,,
9.0,S,SC,4209102.0,JOINVILLE,Serviços de Abrigamento,Serviços de Abrigamento,Casa Abrigo Viva Rosa - Joinville,Secretaria de Assistência Social ,"      (47)34345718
fax: (47)3433 7717",c.abrigovivarosa@gmail.com ,Denise Maria Vieira Santos ,(47)9117 4142,ALTERADO - DADOS,JUNHO,CAMILLA PAOLONE,CONFERIDO,JUNHO,2014-06-24T00:00:00Z,NÃO INFORMADO,NÃO INFORMADO,"24h
", Qualquer órgão pode realizar o encaminhamento para Casa Abrigo.,SIM,SIM,1.0,SIM,1.0,SIM,1.0,NÃO,0.0,SIM,4.0,NÃO,0.0,SIM,O MOTORISTA  PERTENCE A  SECRETARIA DE ASSISTÊNCIA SOCIAL,NÃO,SIM,SIM,NÃO,SEM ESPECIFICAÇÃO,SIM,SIM,SIM,NÃO,NÃO,NÃO,SEM ESPECIFICAÇÃO,SIM,SIM,2.0,NÃO,0.0,SIM,1.0,SIM,1.0,SIM,1.0,NÃO,0.0,SIM,24.0,SIM,2.0,SIM,"A PARTE ADMINISTRATIVA DA CASA ABRIGO FICA SEPARADA DO LAR, E NESTE LOCAL QUE TEM OS COMPUTADORES.
O CARRO É DA SECRETARIA DE ASSISTÊNCIA SOCIAL.
",SIM,NÃO,SIM,SIM,SIM,NÃO,SEM ESPECIFICAÇÃO,SIM,SEM ESPECIFICAÇÃO,LEVANTAMENTO REALIZADO COM SUCESSO,SEM ESPECIFICAÇÃO,"Denise Maria Vieira Santos
Coordenadora
",Grazielle Reis,,
10.0,CO,MT,5103403.0,CUIABÁ,Serviços de Abrigamento,Serviços de Abrigamento,Casa do Amparo para Mulheres Vítimas de Violência - Cuiabá ,à Secretaria Municipal de Assistência Social e Desenvolvimento Humano.,6536166690 - 6584537527 ,ca.assistencia@cuiaba.mp.gov.br,Francinete Taques Santos,(65)84537527,ALTERADO - DADOS,JULHO,NILVA,CONFERIDO,JUNHO,2014-06-27T00:00:00Z,2002-08-16T00:00:00Z,2002.0,24 HORAS ,"Delegacia Especializadas, Promotoria, Ministerio Publico, Conselho Tutelar, Creas e Cras. ",SIM,SIM,1.0,SIM,1.0,SIM,1.0,NÃO,0.0,SIM,4.0,SIM,2.0,SIM,Outros Profissionais: 12 Monitoras e 01 Administrativo,SIM,NÃO,NÃO,NÃO,SEM ESPECIFICAÇÃO,SIM,SIM,SIM,NÃO,NÃO,NÃO ,SEM ESPECIFICAÇÃO,SIM,SIM,2.0,SIM,1.0,SIM,4.0,SIM,1.0,SIM,3.0,SIM,2.0,SIM,26.0,SIM,2.0,NÃO,SEM ESPECIFICAÇÃO ,SIM,NÃO,SIM,NÃO,SIM,NÃO,SEM ESPECIFICAÇÃO,SIM,NÃO SE APLICA,LEVANTAMENTO REALIZADO COM SUCESSO,SEM ESPECIFICAÇÃO,Francinete Taques Santos- Coordenadora,Grazielle Reis ,,
11.0,N,PA,1501402.0,BELÉM,Serviços de Abrigamento,Serviços de Abrigamento,Casa Abrigo Emanuele Rendeiro Diniz - Belém,Fundação Papa João XXIII,(91)3283-6035,caerd.funpapa@hotmail.com,Maria Carlota Faria Tourão Martins.,(91)8733-2649,ALTERADO - DADOS,JUNHO,CAMILLA PAOLONE,CONFERIDO,JUNHO,2014-06-16T00:00:00Z,1995-06-17T00:00:00Z,1995.0,24hs,Deam e juizado da vara de violência doméstica e familiar.,SIM,SIM,1.0,SIM,3.0,SIM,1.0,NÃO,0.0,SIM,4.0,SIM,1.0,SIM,"Cinco agentes de copa e cozinha,  duas serviços gerais, um agente administrativo, um auxiliar administrativo e quinze educadores.",SIM,NÃO,NÃO,NÃO,SEM ESPECIFICAÇÃO,SIM,SIM,NÃO,NÃO,NÃO,NÃO,SEM ESPECIFICAÇÃO,SIM,SIM,2.0,SIM,1.0,SIM,2.0,SIM,2.0,SIM,2.0,SIM,1.0,SIM,20.0,SIM,1.0,SIM,"Uma secadora de roupa, três berços e um dvd. ",SIM,NÃO,SIM,NÃO,SIM,NÃO,SEM ESPECIFICAÇÃO,SIM,SEM ESPECIFICAÇÃO,LEVANTAMENTO REALIZADO COM SUCESSO,SEM ESPECIFICAÇÃO,"Maria Carlota Faria Tourão Martins.
Coordenadora.
",Maria Mônica Ferreira.,,
12.0,CO,MT,5107925.0,SORRISO,Serviços de Abrigamento,Serviços de Abrigamento,Casa Abrigo para Mulheres Vítimas de Violência - Sorriso,Secretaria de Assistência Social  ,(66)3544-2744,cam.sorriso@yahoo.com.br,Heloisa Helena Volpato,(66)9965-9024,ALTERADO - DADOS,JUNHO,LÍGIA SILVA,CONFERIDO,JUNHO,2014-06-13T00:00:00Z,NÃO INFORMADO,2004.0,24 HORAS ,"São encaminhadas pela Delegacias, CREAS, CRAS, Posto de Saúde e hospitais",SIM,NÃO,0.0,NÃO,0.0,NÃO,0.0,NÃO,0.0,SIM,4.0,NÃO,0.0,SIM,COMPLEMENTO DA RESPOSTA 1.1 e 1.2 A cidadã é atendida no CREAS pelo psicólogo e pela Assistente Social.  COMPLEMENTO DA RESPOSTA 14 - Encaminham a cidadã para a Defensoria Pública. COMPLEMENTO DA RESPOSTA 1.6 - Trabalham por escala. COMPLEMENTO DA RESPOSTA 1.6 - Motorista é do CREAS. ,SIM,NÃO,NÃO,NÃO,SEM ESPECIFICAÇÃO,SIM,SIM,SIM,NÃO,NÃO,SIM,COMPLEMENTO DA RESPOSTA 3.2 - desde que tenha sofrido  violência ddoméstica e familiar. COMPLEMENTO DA RESPOSTA - É acolhida e o Conselho Tutelar assina um termo de reponsabilidade e encaminha a menor para a rede de apoio. ,SIM,SIM,1.0,SIM,1.0,SIM,1.0,SIM,2.0,SIM,3.0,SIM,1.0,SIM,4.0,SIM,1.0,Sim,"COMPLEMENTO DA RESPOSTA 5.2 - O veículo é da prefeitura e fica com a coordenadora.COMPLEMENTO DA RESPOSTA 5.6 - Tanquinho 01.  COMPLEMENTO DA RESPOSTA 5.7 - 2 beliches em cada quarto (2 quartos).
",SIM,NÃO,NÃO,NÃO,SIM,NÃO,SEM ESPECIFICAÇÃO,SIM,NÃO SE APLICA,LEVANTAMENTO REALIZADO COM SUCESSO,SEM ESPECIFICAÇÃO,Maria Neusa da Rocha - Auxiliar Administrativo - dia 13/06/2014.,LÍGIA SILVA,,
13.0,CO,MS,5002704.0,CAMPO GRANDE,Serviços de Abrigamento,Serviços de Abrigamento,Casa Abrigo para Mulheres em Risco de Vida - Campo Grande ,Secretaria de Estado e Trabalho e Assistência Social  e a Subsecretaria da Mulher e da Promoção da Cidadania.,(67)3361-7519       (67)3361-8632       (67)3361-6191,camca@ms.gov.br ,Ariza Catarina de Albuquerque Carvalho., (67)9224-6582,CONFERIDO,JULHO,NILVA,CONFERIDO,JUNHO,2014-06-27T00:00:00Z,2002-06-24T00:00:00Z,2002.0,24h,"DEAM, Hospitais, Unidade Básica de Saúde, CREAS, CRAM, CRAS.",SIM,SIM,1.0,SIM,2.0,SIM,3.0,NÃO,0.0,SIM,2.0,SIM,1.0,SIM,"Um agente patrimonial, uma serviço geral, duas cozinheiras, duas administrativas e cinco educadoras   sociais.",SIM,SIM,NÃO,NÃO,SEM ESPECIFICAÇÃO ,SIM,SIM,SIM,NÃO,NÃO,NÃO,SEM ESPECIFICAÇÃO,SIM,SIM,2.0,SIM,2.0,SIM,3.0,SIM,1.0,SIM,4.0,SIM,3.0,SIM,40.0,SIM,6.0,SIM ,"Dispõe de cadeiras de roda.
",NÃO,SIM,SIM,SIM,SIM,SIM, A Casa Abrigo precisa de uma reforma. É compartilhada com a Subsecretaria da Mulher e Secretaria do Estado – Trabalho e Assistência Social.,SIM,SEM ESPECIFICAÇÃO,LEVANTAMENTO REALIZADO COM SUCESSO,SEM ESPECIFICAÇÃO,"Ariza Catarina de Albuquerque Carvalho. 
Coordenadora.
",Maria Mônica Ferreira.,,
14.0,N,AC,1200401.0,RIO BRANCO,Serviços de Abrigamento,Serviços de Abrigamento,Casa Abrigo Mãe da Mata - Rio Branco ,Secretaria de Estado de Desenvolvimento Social,(68)3225-5432,camm.rb@ac.gov.br; ,Juraci Buarque do Nascimento-juraciduarte@hotmail.com  ,(68)9984-4673,CONFERIDO,JUNHO,LÍGIA SILVA,CONFERIDO,JUNHO,2014-06-13T00:00:00Z,NÃO INFORMADO,NÃO INFORMADO,24 horas,"Através do CRAS, CREAS, CRAM, DEAMS, SEDS, Casa Rosa Mulher, Secretaria Estadual de Políticas para mulheres, Vara da Violência Doméstica.",NÃO,SIM,1.0,SIM,1.0,SIM,2.0,NÃO,0.0,SIM,4.0,SIM,1.0,SIM,OUTROS – Monitores - 11; Cozinheiras - 06; ServiçoGerais - 06,SIM,SIM,NÃO,NÃO,"COMPLEMENTO DA RESPOSTA 2.2 - Desde que tenha a mulher enquanto vítima. Destacando que a medida de abrigamento é medida de proteção quando há risco, ameaças, por isso ser qualificada como de Alta Complexidade.",SIM,SIM,NÃO,NÃO,NÃO,NÃO ,SEM ESPECIFICAÇÃO ,SIM,SIM,2.0,SIM,1.0,SIM,4.0,SIM,2.0,SIM,3.0,SIM,1.0,SIM,20.0,SIM,5.0,NÃO,SEM ESPECIFICAÇÃO ,SIM,NÃO,SIM,NÃO,SIM,NÃO,SEM ESPECIFICAÇÃO ,SIM,SEM ESPECIFICAÇÃO,LEVANTAMENTO REALIZADO COM SUCESSO,SEM ESPECIFICAÇÃO,Danielly Castelo Macedo - Assistente Social - (INFORMAÇÕES RECEBIDAS POR E-MAIL DIA 13/06/2014),LÍGIA SILVA,,
15.0,NE,BA,2927408.0,SALVADOR,Serviços de Abrigamento,Serviços de Abrigamento,Casa Abrigo da Mulher - Salvador,Secretaria de Desenvolvimento Social e Combate a Pobreza.,(71)3249-9802         (71)3285-0869                                ,cammulher@hotmail.com,Deise Souza de Oliveira.,(71)9965-6194                    ,CONFERIDO,JUNHO,LÍGIA SILVA,CONFERIDO,JUNHO,2014-06-11T00:00:00Z,2000-06-22T00:00:00Z,2000.0,24hs,"CRAS, CREAS, DEAM, CRAM, Ministério Público e Defensoria Pública.",SIM,SIM,1.0,SIM,2.0,SIM,1.0,NÃO,0.0,SIM,4.0,SIM,2.0,SIM,"Quatro plantonistas, quatro cozinheiras e uma serviço geral.",SIM,SIM,SIM,NÃO,SEM ESPECIFICAÇÃO,SIM,SIM,NÃO,NÃO,NÃO,NÃO,  SEM ESPECIFICAÇÃO,SIM,SIM,2.0,SIM,1.0,SIM,2.0,SIM,1.0,SIM,3.0,SIM,1.0,SIM,18.0,SIM,5.0,NÃO,SEM ESPECIFICAÇÃO,NÃO,NÃO,SIM,NÃO,SIM,SIM,"A edificação está em manutenção, mas precisa de uma reforma geral.",SIM,SEM ESPECIFICAÇÃO,LEVANTAMENTO REALIZADO COM SUCESSO,SEM ESPECIFICAÇÃO,Deise Souza de Oliveira. Coordenadora,Maria Mônica Ferreira.,,
16.0,SE,SP,3509502.0,CAMPINAS,Serviços de Abrigamento,Serviços de Abrigamento,Casa Abrigo da Mulher Sara M - Campinas,"Secretaria Municipal de Cidadania, Assistência e Inclusão Social",(19)2116-0553/ (19)3241-8220,casa.abrigo.sara.m@hotmail.com,Ana Claudia Amaral Mendes,(19)99134-5752 (19)98278-3629,CONFERIDO,JUNHO,CAMILLA PAOLONE,CONFERIDO,JUNHO,2014-06-25T00:00:00Z,NÃO INFORMADO,1997.0,24 horas,Delegacia da Mulher,SIM,SIM,1.0,SIM,1.0,SIM,1.0,NÃO,0.0,SIM,4.0,SIM,1.0,SIM,Possuem 1 cozinheira e 1 auxiliar de serviços gerais,SIM,NÃO,NÃO,NÃO,SEM ESPECIFICAÇÃO,SIM,SIM,NÃO,NÃO,NÃO,NÃO,SEM ESPECIFICAÇÃO,SIM,SIM,4.0,SIM,1.0,SIM,2.0,SIM,1.0,SIM,5.0,SIM,4.0,SIM,16.0,SIM,2.0,NÃO,SEM ESPECIFICAÇÃO,SIM,NÃO,SIM,NÃO,SIM,NÃO,SEM ESPECIFICAÇÃO,SIM,NÃO SE APLICA,LEVANTAMENTO REALIZADO COM SUCESSO,SEM ESPECIFICAÇÃO,Ana Claudia Amaral Mendes - Coordenadora,Camilla Paolone,,
17.0,S,RS,4304606.0,CANOAS,Serviços de Abrigamento,Serviços de Abrigamento,Casa Abrigo para Mulheres Vítima de Violência Casa Azul - Canoas,Secretaria de Desenvolvimento Social,(51)3478-6441        (51)8451-6674,casa_azul@brturbo.com.br,Joziane Barros.,(51) 8451-6674,ALTERADO - DADOS,JUNHO,CAMILLA PAOLONE,CONFERIDO,JUNHO,2014-06-25T00:00:00Z,2012-03-07T00:00:00Z,2012.0,24h,"Centro de Referência Patrícia Esber de 9h às 17h , e após este horário a Delegacia de Pronto Atendimento.",SIM,SIM,2.0,SIM,1.0,NÃO,0.0,SIM,1.0,SIM,2.0,SIM,1.0,SIM,"Cinco monitoras, uma cozinheira e um serviço geral.",SIM,SIM,SIM,NÃO,SEM ESPECIFICAÇÃO,SIM,NÃO,NÃO,NÃO,NÃO,NÃO,SEM ESPECIFICAÇÃO,SIM,SIM,2.0,SIM,1.0,SIM,1.0,SIM,1.0,SIM,1.0,SIM,2.0,SIM,13.0,SIM,3.0,NÃO,SEM ESPECIFICAÇÃO,SIM,NÃO,SIM,SIM,SIM,NÃO,SEM ESPECIFICAÇÃO,SIM,SEM ESPECIFICAÇÃO,LEVANTAMENTO REALIZADO COM SUCESSO,SEM ESPECIFICAÇÃO,"Joziane Barros.
Coordenadora
",Maria Mônica Ferreira,,
18.0,NE,MA,2111300.0,SÃO LUÍS,Serviços de Abrigamento,Serviços de Abrigamento,Casa Abrigo do Tribunal de Justiça do Maranhão,Tribunal de Justiça,"(98)3248-7468 
  (98)8880-4478             ","casaabrigo@tjma.jus.br 
mgusmao@tjma.jus.br",Mariana Cunha Gusmão  ,(98)8158-0255,ALTERADO - DADOS,JUNHO,CAMILLA PAOLONE,CONFERIDO,JUNHO,2014-06-26T00:00:00Z,1999-09-24T00:00:00Z,1999.0,24h.,"Vara da Mulher, Delegacia Especial da Mulher, Conselho Tutelar, Defensoria Pública. ",SIM,SIM,1.0,SIM,2.0,SIM,2.0,NÃO,0.0,SIM,3.0,SIM,2.0,SIM,"2 Técnicos Administrativos 1 Administradora , 4 cuidadoras em  regime de plantão 1 enfermeira 1 estagiária de enfermagem,  3 profissionais de  serviços gerais 2 cozinheiras",SIM,NÃO,NÃO,NÃO,SEM ESPECIFICAÇÃO ,SIM,SIM,NÃO,NÃO,NÃO,NÃO ,SEM ESPECIFICAÇÃO ,SIM,SIM,4.0,SIM,2.0,SIM,7.0,SIM,3.0,SIM,2.0,SIM,1.0,SIM,20.0,SIM,1.0,NÃO,SEM ESPECIFICAÇÃO,SIM,NÃO,SIM,NÃO,SIM,NÃO,SEM ESPECIFICAÇÃO,SIM,NÃO SE APLICA,LEVANTAMENTO REALIZADO COM SUCESSO,SEM ESPECIFICAÇÃO,Mariana Cunha Gusmão  - Supervisora,Grazielle Reis,,
19.0,N,AP,1600303.0,MACAPÁ,Serviços de Abrigamento,Serviços de Abrigamento,Casa Abrigo Fátima Diniz - Macapá ,Secretaria de Inclusão e Mobilização Social.,(96)2101-3421 / (96)9179-3239,casaabrigofatimadiniz@hotmail.com ,Dinete Regina Pantoja ,"(96) 9133-7270 
(96) 8119-2069",ALTERADO - DADOS,JUNHO,CAMILLA PAOLONE,CONFERIDO,JUNHO,2014-06-13T00:00:00Z,NÃO INFORMADO,2001.0,24H,Juizado de Violência Doméstica e Familiar; Delegacia de Crime Contra à Mulher; Secretaria de Estado de Inclusão e Mobilização Social; Centro de Referência de Atendimento à Mulher; Outros Abrigos,SIM,SIM,2.0,SIM,1.0,SIM,5.0,SIM,1.0,SIM,2.0,SIM,2.0,SIM,"01 Assistente administrativo, 01 Cozinheira, 01 Serviços gerais.",SIM,NÃO,NÃO,NÃO,SEM ESPECIFICAÇÃO,SIM,NÃO,NÃO,NÃO,NÃO,SIM,"Crianças acompanhadas de sua mãe vítima de violência doméstica, do sexo masculino ou feminino com até 12 anos de idade.",SIM,SIM,1.0,SIM,1.0,NÃO,0.0,SIM,1.0,SIM,1.0,SIM,1.0,SIM,10.0,SIM,2.0,NÃO,SEM ESPECIFICAÇÃO,SIM,NÃO,SIM,NÃO,SIM,SIM,Possuem uma quadra de esportes,SIM,SEM ESPECIFICAÇÃO,LEVANTAMENTO REALIZADO COM SUCESSO,Informações obtidas através de questionário respondido por e-mail. E-mail recebido dia 13/5,Ingrid Larissa da Silva Sousa - Assistente Administrativo,LÍGIA SILVA,,
20.0,NE,AL,2704302.0,MACEIÓ,Serviços de Abrigamento,Serviços de Abrigamento,Casa Abrigo de Maceió Viva Vida - Maceió ,Secretaria Municipal de Assistência Social,(82)8882-8216     ,casaabrigovivavida@gmail.com ,Adriana Firmino de Lima  ,(82)88927943 e (82)96496635,ALTERADO - DADOS,JUNHO,LÍGIA SILVA,CONFERIDO,JUNHO,2014-06-11T00:00:00Z,NÃO INFORMADO,2002.0,24h.,As portas de entrada para casa abrigo são as duas delegacias e também o Centro de ReferênciaEspecializado a Mulheres.,SIM,SIM,2.0,SIM,2.0,SIM,2.0,NÃO,0.0,SIM,0.0,NÃO,0.0,NÃO,"COMPLEMENTO DA RESPOSTA 1.3 - 01 Pedagoga e 01 Educadora. COMPLEMENTO DA RESPOSTA 1.5 - São guardas municipais mulheres  que são orientadas especificamente para ficarem na casa abrigo. COMPLEMENTO DA RESPOSTA 1.6 - Atualmente estão sem motorista, já solicitarem na Secretaria. ",SIM,NÃO,NÃO,NÃO,SEM ESPECIFICAÇÃO,SIM,SIM,NÃO,NÃO,NÃO,NÃO,COMPLEMENTO DA RESPOSTA 3.2 Somente se for vitima de violência doméstica e familiar. COMPLEMENTO DA RESPOSTA 3.3 -  Tem a casa de passagem especifica. ,SIM,NÃO,0.0,NÃO,0.0,NÃO,0.0,SIM,1.0,SIM,1.0,NÃO,0.0,SIM,10.0,SIM,1.0,NÃO ,"COMPLEMENTO DA RESPOSTA 5.1 - 01 Celular. COMPLEMENTO DA RESPOSTA 5.2 - A casa abrigo não tem veiculo, é utilizado o carro da Secretaria por 2 dias especificos. A Secretaria tem o cuidado de mandar um carro descaracterizado por causa da segurança da cidadã. COMPLEMENTO DA RESPOSTA 5.3 - A casa abrigo tem 2 computadores que estão sem  acesso a internet. COMPLEMENTO DA RESPOSTA 5.4 - Tem 01 pequena que não está suprindo a necessidade. COMPLEMENTO DA RESPOSTA 5.5 - Tem somente 01 televisão pequena e bem antiga. COMPLEMENTO DA RESPOSTA  5.7 - Tem 10 beliches que não estão em perfeitas condições, já foi solicitado na Secretaria e estão aguardando a chegada de novas camas. ",SIM,NÃO,SIM,NÃO,SIM,SIM,COMPLEMENTO DA RESPOSTA 6.5 - Tem um espaço onde fica todas as pessoas juntas. Estão montando um espaço na casa para mulheres que estão no puerpério. ,SIM,NÃO,LEVANTAMENTO REALIZADO COM SUCESSO,SEM ESPECIFICAÇÃO,"Adriana Firmino de Lima  
Coordenadora - dia 11/05/2014
",LÍGIA SILVA,,
21.0,S,RS,4314100.0,PASSO FUNDO,Serviços de Abrigamento,Serviços de Abrigamento,Casa de Apoio à Mulher Vitima de Violência Maria da Penha - Passo Fundo,Secretaria Municipal de Cidadania e Assistência Social,"(54)3312-5085
(54)3312-3075",casadamulhermariadapenha@yahoo.com.br,Marisa Aparecida de Oliveira de Carvalho,NÃO INFORMADO,ALTERADO - DADOS,SETEMBRO,LÍGIA SILVA,CONFERIDO,SETEMBRO,2014-09-22T00:00:00Z,2003-03-08T00:00:00Z,2003.0,24h,Delegacia da mulher ou a Delegacia Comum,SIM,SIM,1.0,SIM,1.0,NÃO,0.0,SIM,1.0,SIM,2.0,SIM,1.0,NÃO,SEM ESPECIFICAÇÃO,NÃO,SIM,NÃO,SIM,"Em casos de situação de rua , é realizado encaminhamento para albergues.",SIM,SIM,NÃO,NÃO,NÃO,SIM,Menores de idade vítimas (até 18 anos desacompanhados dos pais ou responsáveis) de ambos os sexos são encaminhados para a Casa de Apoio à Criança.,SIM,SIM,1.0,SIM,1.0,SIM,1.0,SIM,1.0,SIM,1.0,SIM,1.0,SIM,12.0,SIM,1.0,SIM,"• Veiculo pertence à prefeitura e atende todos os abrigos da região.

• Possui computador, porém sem acesso a internet, devido à mudança de endereço da casa, estão aguardando a instalação do serviço.
",SIM,NÃO,SIM,SIM,SIM,NÃO,SEM ESPECIFICAÇÃO,SIM,NÃO SE APLICA,LEVANTAMENTO REALIZADO COM SUCESSO,"SEM ESPECIFICAÇÃO
","Marisa Aparecida de Oliveira de Carvalho
Coordenadora
",Grazielle Reis,,
22.0,CO,MT,5108402.0,VÁRZEA GRANDE,Serviços de Abrigamento,Serviços de Abrigamento,Casa de Amparo à Mulher Vitima de Violência - Várzea Grande,Secretaria de Assistencia Social de Varzea Grande ,(65)3688-3088,casadeamparovg@hotmail.com ,Valquiria de Amorim Xavier,(65)9294-1662,CONFERIDO,SETEMBRO,LÍGIA SILVA,CONFERIDO,SETEMBRO,2014-09-22T00:00:00Z,NÃO INFORMADO,2008.0,24h,"Deam, Vara da Violência Domestica, Secretaria  Assistência Social.",SIM,NÃO,0.0,SIM,1.0,NÃO,0.0,NÃO,0.0,NÃO,0.0,NÃO,0.0,SIM,"• Psicólogo- Quando necessário é solicitado os profissionais do Creas 

• Outros profissionais: educadores e cuidadores.

• Utilizam a guarda municipal do conselho tutelar.

• Motorista- sempre que necessário solicitam da secretaria de assistência social",SIM,NÃO,NÃO,SIM,"Em casos de situação de rua, é realizado encaminhamento para CREAS.",SIM,SIM,SIM,NÃO,NÃO,NÃO ,SEM ESPECIFICAÇÃO,SIM,SIM,1.0,NÃO,0.0,SIM,1.0,SIM,1.0,SIM,1.0,SIM,1.0,SIM,20.0,SIM,1.0,NÃO,SEM ESPECIFICAÇÃO ,NÃO,NÃO,SIM,SIM,SIM,SIM,"Casa funciona no mesmo local do conselho tutelar (Obs: fundos). Foi informado que não é divulgado o funcionamento da mesma no local, não recebem visitas, e o telefone também não é divulgado, para manter a segurança das usuárias do serviço. Precisam de reformas na casa para melhor atender a demanda.",SIM,NÃO SE APLICA,LEVANTAMENTO REALIZADO COM SUCESSO,SEM ESPECIFICAÇÃO,Valquíria de Amorim Xavier - Coordenadora,Grazielle Reis ,,
23.0,S,SC,4202404.0,BLUMENAU,Serviços de Abrigamento,Serviços de Abrigamento,Casa Abrigo Tritonha Eliza Macqedans Machado - Blumenau  ,Secretaria Municipal de Desenvolvimento Social,"(47)3323-9346 
(47)9968-9856",casaeliza@blumenau.sc.gov.br,Tânia Maria Adriano,(47)9977-9851 ,ALTERADO - DADOS,JUNHO,CAMILLA PAOLONE,CONFERIDO,JUNHO,2014-06-26T00:00:00Z,NÃO INFORMADO,NÃO INFORMADO,24h,"Centro de Referencia, Deam, Conselho Tutelar",SIM,NÃO,0.0,SIM,1.0,SIM,2.0,NÃO,0.0,NÃO,0.0,SIM,1.0,SIM,"Psicólogo- pertence à secretaria de desenvolvimento social, onde sempre que necessário presta atendimento na casa. ",SIM,NÃO,NÃO,NÃO,SEM ESPECIFICAÇÃO,SIM,SIM,NÃO,NÃO,NÃO,NÃO,SEM ESPECIFICAÇÃO,SIM,SIM,1.0,SIM,1.0,SIM,2.0,SIM,1.0,SIM,1.0,SIM,3.0,SIM,16.0,SIM,8.0,NÃO,SEM ESPECIFICAÇÃO,SIM,NÃO,SIM,SIM,SIM,SIM,A casa precisa de reformas na parte de pintura.,sim,SEM ESPECIFICAÇÃO,LEVANTAMENTO REALIZADO COM SUCESSO,SEM ESPECIFICAÇÃO,Tânia Maria Adriano,Grazielle Reis,,
24.0,SE,SP,3550308.0,SÃO PAULO,Serviços de Abrigamento,Serviços de Abrigamento,Casa Abrigo Helenira Resende de Souza Nazareth - São Paulo,Secretaria Municipal de Políticas para Mulheres - São Paulo ,(11)3313-9764 (11)9600-8358,casahelenira@ig.com.br  mvaleria07@gmail.com,Márcia Valéria Pereira,(11)98461-4446,ALTERADO - DADOS,JULHO,CAMILLA PAOLONE,CONFERIDO,JUNHO,2014-06-26T00:00:00Z,2001-04-04T00:00:00Z,2001.0,24 HORAS,Centro de Referência de Atendimento à Mulher,SIM,SIM,1.0,NÃO,0.0,SIM,2.0,NÃO,0.0,NÃO,0.0,SIM,1.0,SIM,"A segurança é feita pela Guarda Municipal.
Orientação jurídica prestada pela defensoria pública.
",SIM,NÃO,NÃO,NÃO,SEM ESPECIFICAÇÃO,SIM,SIM,NÃO,NÃO,NÃO,SIM,"Meninas (até 18 anos), desacompanhadas dos pais ou responsáveis somente com ordem judicial.",NÃO,SIM,3.0,SIM,1.0,SIM,2.0,SIM,2.0,SIM,1.0,SIM,2.0,SIM,22.0,SIM,3.0,NÃO,SEM ESPECIFICAÇÃO,NÃO,NÃO,SIM,NÃO,SIM,NÃO,SEM ESPECIFICAÇÃO,SIM,NÃO SE APLICA,LEVANTAMENTO REALIZADO COM SUCESSO,SEM ESPECIFICAÇÃO,Márcia Valéria Pereira - Coordenadora da Casa Abrigo  ,Camilla Paolone,,
25.0,SE,SP,3547809.0,SANTO ANDRÉ,Serviços de Abrigamento,Serviços de Abrigamento,Casa Abrigo Regional Unidade I,Consórcio Regional Grande ABC,(11)96412-5935 / (11)96846-7306,casasabrigoabc@gmail.com,Claudia Maria Poleci Oshiro,(11)99697-0770,ALTERADO - DADOS,JULHO,CAMILLA PAOLONE,CONFERIDO,JUNHO,2014-06-30T00:00:00Z,NÃO INFORMADO,2003.0,24 horas,Centro de Referência da Mulher ou CREAS,SIM,SIM,1.0,SIM,1.0,SIM,0.0,NÃO,0.0,SIM,2.0,SIM,1.0,NÃO,SEM ESPECIFICAÇÃO,NÃO,SIM,SIM,NÃO,SEM ESPECIFICAÇÃO,SIM,SIM,NÃO,NÃO,NÃO,NÃO,SEM ESPECIFICAÇÃO,SIM,SIM,1.0,SIM,1.0,SIM,3.0,SIM,2.0,SIM,1.0,SIM,1.0,SIM,20.0,SIM,4.0,SIM,Há apenas 1 Carro e 1 motorista  que são divididos entre as casas abrigo de Santo André e Diadema.  ,SIM,NÃO,SIM,NÃO,SIM,NÃO,SEM ESPECIFICAÇÃO,SIM,NÃO SE APLICA,LEVANTAMENTO REALIZADO COM SUCESSO,SEM ESPECIFICAÇÃO,Ângelo Santos Almeida - Psicólogo,Camilla Paolone,,
26.0,SE,SP,3513801.0,DIADEMA,Serviços de Abrigamento,Serviços de Abrigamento,Casa Abrigo Regional Unidade II,Consórcio Regional Grande ABC,(11)99567-4296 / (11)96846-7306,casasabrigoabc@gmail.com ,Claudia Maria Poleci Oshiro,(11)99697-0770,ALTERADO - DADOS,JULHO,CAMILLA PAOLONE,CONFERIDO,JUNHO,2014-06-30T00:00:00Z,NÃO INFORMADO,2006.0,24 horas,Centro de Referência da Mulher ou CREAS,SIM,SIM,1.0,SIM,1.0,NÃO,0.0,NÃO,0.0,SIM,2.0,SIM,1.0,NÃO,SEM ESPECIFICAÇÃO,NÃO,SIM,SIM,NÃO,SEM ESPECIFICAÇÃO,SIM,SIM,NÃO,NÃO,NÃO,NÃO,SEM ESPECIFICAÇÃO,NÃO,SIM,1.0,SIM,1.0,SIM,3.0,SIM,2.0,SIM,1.0,SIM,1.0,SIM,20.0,SIM,4.0,SIM,Há apenas 1 Carro e 1 motorista  que são divididos entre as casas abrigo de Santo André e Diadema.  ,SIM,NÃO,SIM,SIM,SIM,NÃO,SEM ESPECIFICAÇÃO,SIM,NÃO SE APLICA,LEVANTAMENTO REALIZADO COM SUCESSO,SEM ESPECIFICAÇÃO,Ângelo Santos Almeida - Psicólogo,Camilla Paolone,,
27.0,SE,SP,3550308.0,SÃO PAULO,Serviços de Abrigamento,Serviços de Abrigamento,Centro de Convivência para Mulheres Vítimas de Violência Doméstica (COMVIDA) - São Paulo,Secretaria de Segurança Pública, (11)98362-9614 ,centrocomvida@ig.com.br ,Nancy Ribeiro Pais,(11)97175-5709,ALTERADO - DADOS,JUNHO,CAMILLA PAOLONE,CONFERIDO,JUNHO,2014-06-25T00:00:00Z,1992-04-01T00:00:00Z,1992.0,24 horas,Todas as Delegacias,SIM,SIM,1.0,NÃO,0.0,NÃO,0.0,NÃO,0.0,SIM,4.0,SIM,4.0,NÃO,SEM ESPECIFICAÇÃO,SIM,NÃO,SIM,SIM,São atendidas mulheres em situação de rua quando estão sofrendo violência por parte de seus companheiros.,SIM,SIM,NÃO,NÃO,NÃO,SIM,"São aceitos na casa meninos até 12 anos, mas sempre acompanhados da mãe.",SIM,SIM,4.0,SIM,1.0,SIM,2.0,SIM,2.0,SIM,4.0,SIM,2.0,SIM,20.0,SIM,5.0,SIM,Além dos 4 aparelhos telefônicos há também 1 aparelho celular.,SIM,NÃO,NÃO,NÃO,SIM,NÃO,SEM ESPECIFICAÇÃO,SIM,NÃO SE APLICA,LEVANTAMENTO REALIZADO COM SUCESSO,SEM ESPECIFICAÇÃO,Nancy Ribeiro Pais - Coordenadora,Camilla Paolone,,
28.0,CO,GO,5208707.0,GOIÂNIA,Serviços de Abrigamento,Serviços de Abrigamento,Casa Abrigo Nove Luas - Goiânia,Centro de Valorização da Mulher (CEVAM),(62) 3229-1831,cevangoias@uol.com.br ,Maria das Dores Dolly Soares  e Maria Cecília Machado do Vale ,(62)8119-0705 ,ALTERADO - DADOS,JUNHO,LÍGIA SILVA,CONFERIDO,JUNHO,2014-06-13T00:00:00Z,NÃO INFORMADO,2000.0,24 horas,"A porta de entrada é ampla recebe cidadã de vários órgãos, o endereço é divulgado,  mais é uma casa bem protegida.  ",NÃO,SIM,2.0,SIM,1.0,SIM,2.0,SIM,4.0,NÃO,0.0,SIM,2.0,SIM,"OUTROS - Relatou que a instituição é mantida pela rede de voluntários (empresários, dentre outros) e que há mais ou menos 2 anos o governo não repassa verba para a casa. COMPLEMENTO DA RESPOSTA Psicopedagoga. COMPLEMENTO DA RESPOSTA 1.1 - Psicologo 28 entre contratados e voluntários . COMPLEMENTO DA RESPOSTA 1.2 - Assistente social  6  entre contratados e voluntários. COMPLEMENTO DA RESPOSTA 1.4 - Advogados 34 entre contratados e voluntários.  COMPLEMENTO DA RESPOSTA 1.3 -  Psicopedagoga 01 . COMPLEMENTO DA RESPOSTA 1.5 - Informa que a casa tem um circuito fechado de 36 câmeras de monitoramento de uma empresa de segurança que não cobra pelos serviços prestados na casa. A casa tem um acordo com a Secretaria de Segurança Pública e todos os dias uma viatura da polícia passa em frente a  casa.  ",NÃO,NÃO,NÃO,SIM,Menina vitima de abuso sexual familiar (hoje estão 19 meninas adolescentes vitimas de violência sexual familiar) ,SIM,SIM,SIM,NÃO,NÃO,SIM,COMPLEMENTO DA RESPOSTA 3.3 - Atendem casos em que tem meninas de 11 e 12 anos que já estão casadas e são vitimas de violência doméstica e familiar.  ,SIM,SIM,4.0,SIM,1.0,SIM,19.0,SIM,7.0,SIM,22.0,SIM,6.0,SIM,60.0,SIM,12.0,SIM,COMPLEMENTO DA RESPOSTA 5.6 - Maquina de lavar 06. COMPLEMENTO DA RESPOSTA 5.7 -  Tem 60 camas e 10 berços.,SIM,NÃO,SIM,NÃO,SIM,NÃO,SEM ESPECIFICAÇÃO ,NÃO,"De acordo com o entendimento do Centro de Valorização da Mulher (CEVAM), ONG a qual o serviço está vinculado e da Sra. Maria das Dores Dolly Soares - Responsável pela Casa, a Casa Abrigo não precisa ser um serviço sigiloso, e sim um serviço seguro. Informou que a segurança da casa é feita por câmeras de vigilância e que estão localizados próximo a Polícia Militar. A casa abriga mulheres, crianças e adolescentes que estejam sendo vítimas de violência, não sendo necessário que a mulher registre a ocorrência para ser abrigada. Segundo a Sra. Maria das Dores, a cidadã pode ir a casa abrigo sozinha que ao chegar será atendida.",LEVANTAMENTO REALIZADO COM SUCESSO,SEM ESPECIFICAÇÃO,Maria das Dores Dolly Soares - Coordenadora -  DIA 13/06/2014,LÍGIA SILVA,,
29.0,S,RS,4306205.0,CRUZEIRO DO SUL,Serviços de Abrigamento,Serviços de Abrigamento,Casa Abrigo Associação Casa de Passagem do Vale do Taquari - Cruzeiro do Sul           ,Prefeitura do Vale Taquari,(51)3764-1232,chwiehe@brturbo.com.br,Sílvia Feldens Wiehe.,(51)9145-4003,CONFERIDO,JUNHO,CAMILLA PAOLONE,CONFERIDO,JUNHO,2014-06-25T00:00:00Z,1998-11-23T00:00:00Z,1998.0,24 horas,"Policia civil, brigada militar, conselho tutelar",SIM,SIM,2.0,SIM,1.0,SIM,1.0,SIM,2.0,NÃO,0.0,NÃO,0.0,SIM,"A guarda municipal faz a segurança, o motorista e o carro são disponibilizados pela prefeitura municipal.",SIM,NÃO,NÃO,NÃO,SEM ESPECIFICAÇÃO,SIM,SIM,NÃO,NÃO,NÃO,NÃO,SEM ESPECIFICAÇÃO,SIM,SIM,2.0,NÃO,0.0,SIM,1.0,SIM,1.0,SIM,1.0,SIM,2.0,SIM,25.0,SIM,2.0,SIM,"Um microondas, um forno elétrico e um  dvd. ",SIM,NÃO,SIM,SIM,SIM,NÃO,SEM ESPECIFICAÇÃO,SIM,SEM ESPECIFICAÇÃO,LEVANTAMENTO REALIZADO COM SUCESSO,SEM ESPECIFICAÇÃO,"Sílvia Feldens Wiehe.
Coordenadora
",Maria Mônica Ferreira,,
30.0,S,PR,4115200.0,MARINGÁ,Serviços de Abrigamento,Serviços de Abrigamento,Casa Abrigo Edna Rodrigues de Souza- Maringá ,Secretaria da Mulher,(44)3293-8350        (44)3293-8354       (44)3293-8356 ,cmulher_cram@maringa.pr.gov.br  e mulher@maringa.pr.gov.br ,Angêla Caputo,(44) 9128-7100,CONFERIDO,JUNHO,CAMILLA PAOLONE,CONFERIDO,JUNHO,2014-06-20T00:00:00Z,NÃO INFORMADO,NÃO INFORMADO,24h,Delegacia da Mulher,SIM,SIM,2.0,SIM,1.0,SIM,3.0,SIM,1.0,SIM,4.0,SIM,1.0,SIM,"Cinco educadores de base, uma administrativa, uma estagiária de assistente social, uma estagiária de direito e uma serviço geral. ",SIM,NÃO,NÃO,NÃO,SEM ESPECIFICAÇÃO,SIM,SIM,NÃO,NÃO,NÃO,NÃO,SEM ESPECIFICAÇÃO,SIM,SIM,1.0,SIM,2.0,SIM,1.0,NÃO,0.0,SIM,1.0,SIM,1.0,SIM,20.0,SIM,2.0,SIM," Dez berços, uma secadora de roupa e freezer.",SIM,NÃO,SIM,SIM,SIM,NÃO,SEM ESPECIFICAÇÃO,SIM,SEM ESPECIFICAÇÃO,LEVANTAMENTO REALIZADO COM SUCESSO,SEM ESPECIFICAÇÃO,"Ângela Caputo.
Coordenadora
",Maria Mônica Ferreira.,,
31.0,NE,MA,2105302.0,IMPERATRIZ,Serviços de Abrigamento,Serviços de Abrigamento,Casa Abrigo da Mulher Doutora Ruth Noleto - Imperatriz ,Secretaria Municipal de Políticas para as Mulheres,(99)9172-6123     ,conceicaoformiga@hotmail.com,Ozana Soares Silva,(99)9172-6123 ,ALTERADO - DADOS,JULHO,NILVA,CONFERIDO,JULHO,2014-07-01T00:00:00Z,2008-06-26T00:00:00Z,2008.0,24h.,"Cram, Deam, Vara Especializada, Defensoria Pública, Polícia Militar.",NÃO,SIM,1.0,SIM,1.0,SIM,2.0,NÃO,0.0,SIM,3.0,SIM,1.0,Sim,"Trabalham em parceria com o Centro de Referência - CRAM. – onde é disponibilizado, profissionais da equipe técnica sempre que necessário.",SIM,NÃO,NÃO,NÃO,SEM ESPECIFICAÇÃO ,SIM,SIM,NÃO,NÃO,NÃO,NÃO ,SEM ESPECIFICAÇÃO ,SIM,NÃO,0.0,SIM,1.0,NÃO,0.0,NÃO,0.0,SIM,1.0,SIM,1.0,SIM,12.0,SIM,2.0,SIM,"Na casa não possui telefone fixo, somente o telefone particular da Coordenadora.",SIM,NÃO,SIM,SIM,SIM,NÃO,SeM ESPECIFICAÇÃO,SIM,NÃO SE APLICA,LEVANTAMENTO REALIZADO COM SUCESSO,SEM ESPECIFICAÇÃO,"Ozana Soares Silva
Coordenadora
",Grazielle Reis,,
32.0,SE,SP,3552205.0,SOROCABA,Serviços de Abrigamento,Serviços de Abrigamento,Casa Abrigo Valquíria Rocha - Sorocaba,Prefeitura Municipal,(15)34117588 - Fax: (15)34117595 (15)3411-7594,contato@cimmulher.org.br ,Catia Rosalina Camargo ,(15)99713-7588 ,ALTERADO - DADOS,JULHO,CAMILLA PAOLONE,CONFERIDO,JULHO,2014-07-01T00:00:00Z,1997-06-05T00:00:00Z,1997.0,24h,"DDMS/ Unidade Básica de Saúde/ Defensorias / Centro de Referência da Mulher Selma Said (CEREM), CREAS.",NÃO,SIM,2.0,SIM,1.0,SIM,0.0,SIM,1.0,NÃO,0.0,SIM,1.0,SIM,A segurança é feita pela Guarda Municipal ,SIM,NÃO,SIM,SIM,"As mulheres moradoras de rua que sofrem violência por parte do companheiro são atendidas, mas somente vulnerabilidade não",SIM,SIM,SIM,NÃO,NÃO,SIM,"Meninas (até 18 anos), desacompanhadas dos pais ou responsáveis são encaminhadas para a Casa Abrigo pelo Conselho Tutelar",SIM,SIM,3.0,SIM,2.0,SIM,3.0,SIM,2.0,SIM,1.0,SIM,3.0,SIM,24.0,SIM,2.0,SIM,A Casa dispõe de 02(duas) máquina e 01(UM) Tanquinho; possui também 04 (QUATRO) berços,SIM,NÃO,SIM,NÃO,SIM,NÃO,SEM ESPECIFICAÇÃO,SIM,NÃO SE APLICA,LEVANTAMENTO REALIZADO COM SUCESSO,SEM ESPECIFICAÇÃO,Catia Rosalina de Camargo - Coordenadora,Amanda de Souza,,
33.0,NE,PB,2507507.0,JOÃO PESSOA,Serviços de Abrigamento,Serviços de Abrigamento,Casa Abrigo Aryane Thaís - João Pessoa  ,Secretaria da Mulher e Diversidade Humana,"(83)3243-2089     
(83)8832-8589",coordcasaabrigo@gmail.com    Joelma.medeiros@hotmail.com,Joelma Medeiros,(83)8787-6899,ALTERADO - DADOS,JUNHO,CAMILLA PAOLONE,CONFERIDO,JUNHO,2014-06-16T00:00:00Z,2011-07-03T00:00:00Z,2011.0,24h,"
Deam, Cram, Creas.
",SIM,SIM,1.0,SIM,1.0,SIM,1.0,SIM,1.0,SIM,3.0,SIM,2.0,SIM,"Uma enfermeira, três técnicas em enfermagem, uma educadora social, uma cozinheira, uma auxiliar de serviços gerais e um agente administrativo. Tem parceria com a segurança pública ao qual cede três policiais para fazer a segurança da casa abrigo.",SIM,NÃO,NÃO,NÃO,SEM ESPECIFICAÇÃO,SIM,SIM,NÃO,NÃO,NÃO,NÃO,SEM ESPECIFICAÇÃO,SIM,SIM,2.0,SIM,2.0,SIM,4.0,SIM,3.0,SIM,2.0,NÃO,0.0,SIM,30.0,SIM,2.0,SIM,"Scanner, um fax, um aparelho de som, um microsistem, um data show, um freezer e quatro berços.",SIM,NÃO,SIM,NÃO,SIM,NÃO,SEM ESPECIFICAÇÃO,SIM,SEM ESPECIFICAÇÃO,LEVANTAMENTO REALIZADO COM SUCESSO,SEM ESPECIFICAÇÃO,Joelma Medeiros. Coordenadora,Maria Mônica Ferreira,,
34.0,NE,CE,2304400.0,FORTALEZA,Serviços de Abrigamento,Serviços de Abrigamento,Casa Abrigo Margarida Alves - Fortaleza,Coordenadoria de Políticas para as Mulheres,NÃO INFORMADO,coordenadoriamulherfor@yahoo.com.br,Monera Sampaio Cipriano,Não informado,CONFERIDO,JUNHO,LÍGIA SILVA,CONFERIDO,JUNHO,2014-06-12T00:00:00Z,NÃO INFORMADO,2007.0,24h,Somente pelo Centro de Referência de Atendimento a Mulher   ,SIM,SIM,1.0,SIM,1.0,SIM,2.0,SIM,1.0,SIM,8.0,SIM,2.0,SIM,COMPLEMENTO DA RESPOSTA 1.3 - Educadora infantil - 02 .COMPLEMENTO DA RESPOSTA 1.5 - Tem Guarda Municipal - 08. COMPLEMENTO DA RESPOSTA 1.6 - Motorista - 02 ,SIM,NÃO,NÃO,NÃO,SEM ESPECIFICAÇÃO ,SIM,SIM,NÃO,NÃO,NÃO,NÃO ,SEM ESPECIFICAÇÃO ,SIM,SIM,1.0,SIM,1.0,SIM,3.0,SIM,2.0,SIM,1.0,SIM,1.0,SIM,10.0,SIM,3.0,SIM,COMPLEMENTO DA RESPOSTA 5.6 - Tanquinho - 01 . COMPLEMENTO DA RESPOSTA 5.7 - 10 Beliches. Mesas para adultos 2 - Mesa infantil - 02 (sala de jantar)-  Mesa na cozinha - 01. E algumas mesas de plástico (não soube informar quantas). ,SIM,NÃO,SIM,NÃO,SIM,NÃO,SEM ESPECIFICAÇÃO ,SIM,SEM ESPECIFICAÇÃO ,LEVANTAMENTO REALIZADO COM SUCESSO,SEM ESPECIFICAÇÃO ,Maria Helena Rodrigues Campelo - Assessora de Enfrentamento a Violência Contra a Mulher - dia 12/06/2014,LÍGIA SILVA,,
35.0,SE,SP,3543402.0,RIBEIRÃO PRETO,Serviços de Abrigamento,Serviços de Abrigamento,Casa Abrigo Nilda Simões Rocha - Ribeirão Preto,Secretaria de Assistência Social,(16)3636-3311/ (16)3636-3287,coordmulher@semas.pmrp.com.br ,Jussara Teixeira Marcelino ,(16)98103-3493,CONFERIDO,JULHO,CAMILLA PAOLONE,CONFERIDO,JUNHO,2014-06-27T00:00:00Z,2012-05-17T00:00:00Z,2012.0,24h,Coordenadoria Municipal da Mulher ,SIM,SIM,1.0,SIM,1.0,NÃO,0.0,NÃO,0.0,SIM,1.0,NÃO,0.0,SIM,Há uma Terapeuta Ocupacional. A advogada e o motorista pertencem à coordenadoria,SIM,NÃO,NÃO,SIM,"Pode ocorrer abrigamento de outros tipos de violência, mas só com determinação judicial",SIM,NÃO,NÃO,NÃO,NÃO,SIM,No município existe um serviço que atende aos menores do sexo masculino/feminino desacompanhados dos pais ou responsáveis: Centro de Atendimento a Crianças e ao Adolescente Vitimizados – CACAV ,SIM,NÃO,0.0,NÃO,0.0,NÃO,0.0,NÃO,0.0,SIM,1.0,SIM,2.0,SIM,8.0,SIM,4.0,SIM,O abrigo conta com 01 aparelho celular que fica com a Instrutora Administrativa da Casa. ,SIM,NÃO,SIM,SIM,SIM,NÃO,SEM ESPECIFICAÇÃO,SIM,NÃO SE APLICA,LEVANTAMENTO REALIZADO COM SUCESSO,SEM ESPECIFICAÇÃO,Jussara Teixeira Marcelino - Coordenadora da Casa Abrigo,Camilla Paolone,,
36.0,SE,RJ,3304557.0,RIO DE JANEIRO,Serviços de Abrigamento,Serviços de Abrigamento,Casa Abrigo Viva Mulher Cora Coralina - Rio de Janeiro,Vinculado: à Secretaria de Políticas para as Mulheres / SPM Rio  ,(21) 9727-08147 ,coracoralina@rio.rj.gov.br/ ,Mara Núbia Maciel ,(21)97270-8147,ALTERADO - DADOS,JUNHO,CAMILLA PAOLONE ,CONFERIDO,JUNHO,2014-06-24T00:00:00Z,2001-06-23T00:00:00Z,2001.0,24h. ,Centro de Referência e Sejus ,SIM,SIM,3.0,SIM,3.0,SIM,3.0,SIM,2.0,NÃO,0.0,SIM,5.0,SIM,A SENHORA MARA INFORMOU QUE NÃO HÁ SEGURANÇÃ NO MOMENTO POR QUE ELES ESTÃO EM PROCESSO DE CONTRATAÇÃO DOS MESMOS.  ,SIM,NÃO,NÃO,NÃO,SEM ESPECIFICAÇÃO,SIM,SIM,SIM,NÃO,NÃO,NÃO ,SEM ESPECIFICAÇÃO,SIM,SIM,3.0,SIM,3.0,SIM,6.0,SIM,2.0,SIM,3.0,SIM,2.0,SIM,22.0,SIM,3.0,NÃO,SEM ESPECIFICAÇÃO,SIM,NÃO,SIM,SIM,SIM,NÃO,SEM ESPECIFICAÇÃO,SIM,NÃO,LEVANTAMENTO REALIZADO COM SUCESSO,SEM ESPECIFICAÇÃO,Mara Núbia Maciel  - Diretora ,GERSILENE,,
37.0,S,RS,4317202.0,SANTA ROSA,Serviços de Abrigamento,Serviços de Abrigamento,Casa de Abrigo e Passagem Oito de Março – Santa Rosa,Secretaria Municipal de Desenvolvimento Social,(55)9952-9043        (55)3511-1532,crrm-dircecrosz@santarosa.rs.gov.br ,Marta Elisa Rembold do Nascimento.,(55)9952-9043,CONFERIDO,JUNHO,CAMILLA PAOLONE,CONFERIDO,JUNHO,2014-06-24T00:00:00Z,2011-03-24T00:00:00Z,2011.0,24h,"DEAM, CEAM, CONSELHO TUTELAR E HOSPITAIS.",SIM,SIM,1.0,SIM,1.0,NÃO,0.0,SIM,1.0,SIM,1.0,NÃO,0.0,SIM,"Um agente administrativo, uma estagiária de psicologia, uma estagiária de serviço social, uma serviço geral e uma acolhedor social. O motorista é cedido pela Secretaria Municipal.",SIM,SIM,NÃO,NÃO,SEM ESPECIFICAÇÃO,SIM,SIM,NÃO,NÃO,NÃO,NÃO,SEM ESPECIFICAÇÃO,SIM,SIM,2.0,SIM,2.0,SIM,4.0,SIM,3.0,SIM,2.0,SIM,1.0,SIM,8.0,SIM,1.0,SIM,"Um freezer, uma geladeira. 
",SIM,NÃO,SIM,SIM,SIM,NÃO,SEM ESPECIFICAÇÃO,SIM,SEM ESPECIFICAÇÃO,LEVANTAMENTO REALIZADO COM SUCESSO,SEM ESPECIFICAÇÃO,"Marta Elisa Rembold do Nascimento.
Coordenadora

",Maria Mônica Ferreira,,
38.0,S,RS,4314407.0,PELOTAS,Serviços de Abrigamento,Serviços de Abrigamento,Abrigo Institucional Acolhida para Mulheres Vítimas de Violência Doméstica Luciety - Pelotas,Secretaria Municipal de Justiça Social e Segurança.,      (53)3227-1857               Fax:(53)3227-3352,daiane.amaral10@hotmail.com,Daiane Santos do Amaral.,(53)8445-6934,CONFERIDO,JUNHO,CAMILLA PAOLONE,CONFERIDO,JUNHO,2014-06-24T00:00:00Z,NÃO INFORMADO,2003.0,24h,"Delegacia da Mulher e a DPPA, e também pelos Conselhos tutelar e da Mulher, CRAS, CRAM.",SIM,SIM,1.0,NÃO,0.0,NÃO,0.0,NÃO,0.0,NÃO,0.0,NÃO,0.0,SIM,"Um técnico agrícola, uma cozinheira, três serviços gerais e cinco educadoras sociais. A segurança é feita pela guarda municipal sempre que é solicitada, o motorista é cedido pela secretaria de justiça social e segurança. ",SIM,SIM,NÃO,NÃO,SEM ESPECIFICAÇÃO,SIM,SIM,NÃO,NÃO,NÃO,NÃO,SEM ESPECIFICAÇÃO,SIM,SIM,1.0,SIM,1.0,NÃO,0.0,NÃO,0.0,SIM,2.0,SIM,1.0,SIM,12.0,SIM,4.0,SIM,Uma máquina de costura e uma secadora de roupa.,SIM,NÃO,SIM,NÃO,SIM,NÃO,SEM ESPECIFICAÇÃO,SIM,SEM ESPECIFICAÇÃO,LEVANTAMENTO REALIZADO COM SUCESSO,SEM ESPECIFICAÇÃO,"Daiane Santos do Amaral.
Coordenadora 
",Maria Mônica Ferreira,,
39.0,S,PR,4113700.0,LONDRINA,Serviços de Abrigamento,Serviços de Abrigamento,Casa Abrigo Canto de Dália -Londrina,Secretaria Municipal de Políticas para as Mulheres,(43)3341-0024         (43)3372-4099,dalia.mulher@londrina.pr.gov.br ,Lucimar Rodrigues da Silva Alves.  ,(43)3341-0024,ALTERADO - DADOS,JUNHO,CAMILLA PAOLONE,CONFERIDO,JUNHO,2014-06-17T00:00:00Z,2004-06-26T00:00:00Z,2004.0,08h às 18h de segunda a sexta-feira devido o encaminhamento ser feito pelo CRAM.  Dentro da casa abrigo o atendimento é 24h.,Somente o Centro de Referência de Atendimento à Mulher (CRAM).,SIM,SIM,1.0,SIM,2.0,SIM,1.0,NÃO,0.0,SIM,4.0,SIM,2.0,SIM,"Duas enfermeiras, quatro técnicas em enfermagem, duas cozinheiras, uma serviço geral e um administrativo.",SIM,NÃO,NÃO,NÃO,SEM ESPECIFICAÇÃO,SIM,SIM,NÃO,NÃO,NÃO,NÃO,SEM ESPECIFICAÇÃO,SIM,SIM,2.0,SIM,2.0,SIM,4.0,SIM,2.0,SIM,2.0,SIM,1.0,SIM,16.0,SIM,1.0,SIM,"Um freezer, uma geladeira, um fogão industrial e um bebedouro.",SIM,NÃO,SIM,NÃO,SIM,NÃO,SEM ESPECIFICAÇÃO,SIM,SEM ESPECIFICAÇÃO,LEVANTAMENTO REALIZADO COM SUCESSO,SEM ESPECIFICAÇÃO,"Lucimar Rodrigues da Silva Alves.
Diretora
",Maria Mônica Ferreira.,,
40.0,SE,ES,3205002.0,SERRA,Serviços de Abrigamento,Serviços de Abrigamento,Casa Abrigo Marcelle Antonia Brito Goring - Serra ,Secretaria de Políticas Públicas para as Mulheres,       (27)3338-3915                Fax:(27)3328-7500,denvi.seppom.serra@hotmail.com,Clari Miranda Teodoro.,(27)3338-3915 ,CONFERIDO,JUNHO,LÍGIA SILVA,CONFERIDO,JUNHO,2014-06-12T00:00:00Z,2004-06-26T00:00:00Z,2004.0,24h,CONSELHO TUTELAR / CRAS / DEAM ,SIM,SIM,1.0,SIM,1.0,SIM,1.0,SIM,1.0,SIM,4.0,SIM,2.0,SIM,"Uma coordenadora, uma auxiliar de serviços gerais e uma chefe da divisão. ",SIM,NÃO,NÃO,NÃO,SEM ESPECIFICAÇÃO,SIM,SIM,NÃO,NÃO,NÃO,NÃO,SEM ESPECIFICAÇÃO,SIM,SIM,2.0,SIM,2.0,SIM,2.0,SIM,1.0,SIM,2.0,NÃO,0.0,SIM,20.0,SIM,1.0,NÃO,SEM ESPECIFICAÇÃO,SIM,NÃO,NÃO,SIM,SIM,NÃO,SEM ESPECIFICAÇÃO,SIM,SEM ESPECIFICAÇÃO,LEVANTAMENTO REALIZADO COM SUCESSO,SEM ESPECIFICAÇÃO,Clari Miranda Teodoro - Diretora ,Maria Mônica,,
41.0,N,PA,1505536.0,PARAUAPEBAS,Serviços de Abrigamento,Serviços de Abrigamento,Casa Abrigo para Mulheres - Parauapebas,Secretaria Municipal da Mulher.,(94)8801-6727,duca_pereira@hotmail.com,Maria do Carmo Oliveira Pereira.,(94)3356-0773,CONFERIDO,JUNHO,CAMILLA PAOLONE,CONFERIDO,JUNHO,2014-06-16T00:00:00Z,NÃO INFORMADO,NÃO INFORMADO,24hs.,"Deam, área da saúde, polícia militar, corpo de bombeiro, cras, disque denúncia.",SIM,SIM,2.0,SIM,2.0,SIM,1.0,SIM,5.0,SIM,6.0,SIM,2.0,SIM,"Uma fisioterapeuta, três educadores sociais, seis administrativos, três serviços gerais, duas cozinheiras e duas lavadeiras.",SIM,NÃO,NÃO,NÃO,SEM ESPECIFICAÇÃO,SIM,SIM,SIM,NÃO,NÃO,NÃO,SEM ESPECIFICAÇÃO,SIM,SIM,3.0,NÃO,0.0,SIM,3.0,SIM,1.0,SIM,1.0,NÃO,0.0,SIM,14.0,SIM,1.0,SIM,Estão utilizando o veículo da Secretaria Municipal.,SIM,NÃO,SIM,SIM,SIM,NÃO,SEM ESPECIFICAÇÃO,SIM,SEM ESPECIFICAÇÃO,LEVANTAMENTO REALIZADO COM SUCESSO,SEM ESPECIFICAÇÃO,Maria do Carmo Oliveira Pereira.         Coordenadora,Maria Mônica Ferreira.,,
42.0,S,RS,4316808.0,SANTA CRUZ DO SUL,Serviços de Abrigamento,Serviços de Abrigamento,Casa Abrigo - Santa Cruz do Sul,"Secretaria Municipal de Inclusão,  Desenvolvimento Social e Habitação",(51)3713-8117         (51)3715-1895,ebm@santacruz.rs.gov.br,Priscila Froemming.,(51) 3715-1895,ALTERADO - DADOS,JUNHO,CAMILLA PAOLONE,CONFERIDO,JUNHO,2014-06-24T00:00:00Z,2011-07-03T00:00:00Z,2011.0,24h,"DEAM, CREAS, o Escritório de Defesa dos Direitos da Mulher e a Coordenadoria da Mulher.",SIM,SIM,2.0,SIM,3.0,NÃO,0.0,SIM,1.0,SIM,1.0,NÃO,0.0,SIM,Uma monitora social e o motorista é cedido pela prefeitura municipal. ,SIM,NÃO,NÃO,NÃO,SEM ESPECIFICAÇÃO,SIM,SIM,NÃO,NÃO,NÃO,NÃO,SEM ESPECIFICAÇÃO,SIM,SIM,2.0,SIM,1.0,SIM,1.0,SIM,1.0,SIM,1.0,SIM,1.0,SIM,4.0,SIM,1.0,SIM,Um aparelho de som.,SIM,NÃO,SIM,SIM,SIM,NÃO,SEM ESPECIFICAÇÃO,SIM,SEM ESPECIFICAÇÃO,LEVANTAMENTO REALIZADO COM SUCESSO,SEM ESPECIFICAÇÃO,"Priscila Froemming.
Coordenadora
",Maria Mônica Ferreira,,
43.0,SE,ES,3205309.0,VITÓRIA,Serviços de Abrigamento,Serviços de Abrigamento,Casa Abrigo Estadual Maria Cândida Teixeira (CAES) - Vitória,Secretaria Estadual de Segurança Publica e Defesa Social,((27)99945-8619      (27)3636-1561  ,elizabethe.zimmer@sesp.es.gov.br,Elizabethe Lima Zimmer,(27)99945-8619 ,CONFERIDO,JUNHO,LÍGIA SILVA,CONFERIDO,JUNHO,2014-06-12T00:00:00Z,2006-06-28T00:00:00Z,2006.0,24h,DEAM/CREAS/CRAS ,SIM,NÃO,0.0,SIM,1.0,SIM,1.0,NÃO,0.0,SIM,9.0,SIM,1.0,SIM,Quatro serviços gerais.,SIM,NÃO,SIM,NÃO,SEM ESPECIFICAÇÃO,SIM,SIM,NÃO,NÃO,NÃO,NÃO,SEM ESPECIFICAÇÃO,SIM,SIM,3.0,SIM,1.0,SIM,2.0,SIM,1.0,SIM,2.0,SIM,1.0,SIM,14.0,SIM,4.0,SIM,Quatro berços e vários colchões.,SIM,NÃO,SIM,NÃO,SIM,NÃO,SEM ESPECIFICAÇÃO,SIM,SEM ESPECIFICAÇÃO,LEVANTAMENTO REALIZADO COM SUCESSO,SEM ESPECIFICAÇÃO,Elizabethe Lima Zimmer- Coordenadora Geral,Maria Mônica,,
44.0,SE,SP,3525904.0,JUNDIAÍ,Serviços de Abrigamento,Serviços de Abrigamento,Casa Abrigo Sol para Mulheres Vítimas de Violência - Jundiaí,Prefeitura Municipal, (11)4599-5713 (11)99693-2852,hleite@jundia.sp.gov.br   ,Haydée Masotti Leite,(11)99693-2852,ALTERADO - DADOS,JULHO,CAMILLA PAOLONE,CONFERIDO,JUNHO,2014-06-27T00:00:00Z,2006-02-11T00:00:00Z,2006.0,24h,Delegacia de Defesa da Mulher,SIM,SIM,1.0,SIM,1.0,NÃO,0.0,SIM,1.0,SIM,2.0,NÃO,0.0,NÃO,SEM ESPECIFICAÇÃO,SIM,NÃO,SIM,SIM,"Mulheres em situação de rua, são abrigadas desde que estejam sofrendo violência domestica do companheiro.",SIM,SIM,SIM,NÃO,NÃO,SIM,"Meninas (até 18 anos), desacompanhadas dos pais ou responsáveis podem ser abrigadas desde que com acompanhamento do conselho tutelar.",SIM,SIM,3.0,NÃO,0.0,SIM,2.0,SIM,1.0,SIM,1.0,SIM,1.0,SIM,10.0,SIM,2.0,NÃO,SEM ESPECIFICAÇÃO,SIM,NÃO,SIM,NÃO,SIM,NÃO,SEM ESPECIFICAÇÃO,SIM,NÃO SE APLICA,LEVANTAMENTO REALIZADO COM SUCESSO,SEM ESPECIFICAÇÃO,Haydée Masotti Leite - Coordenadora da Casa Abrigo,Camilla Paolone,,
45.0,SE,SP,3552205.0,SOROCABA,Serviços de Abrigamento,Serviços de Abrigamento,Associação de Formação e Reeducação Lua Nova,Prefeitura Municipal,(15)3327-5796 (15)3035-6569 ,luanova@luanova.org.br,Denise Ferreira Faborges - coordenadora ,(15)99729-7848,CONFERIDO,JULHO,CAMILLA PAOLONE,CONFERIDO,JULHO,2014-07-01T00:00:00Z,NÃO INFORMADO,NÃO INFORMADO,24h,"Sistema de justiça, Serviços de saúde, Delegacia da Mulher e comum ",NÃO,SIM,2.0,SIM,1.0,SIM,1.0,NÃO,0.0,NÃO,0.0,SIM,1.0,SIM,Possuem 4 educadoras e uma enfermeira. ,NÃO,SIM,SIM,NÃO,SEM ESPECIFICAÇÃO,SIM,NÃO,SIM,SIM,NÃO,NÃO,SEM ESPECIFICAÇÃO,SIM,SIM,1.0,SIM,1.0,SIM,2.0,SIM,1.0,SIM,1.0,SIM,0.0,SIM,28.0,SIM,2.0,SIM,"Possuem 3 máquinas de lavar, todas quebradas
Possuem 11 berços",SIM,NÃO,SIM,NÃO,SIM,NÃO,SEM ESPECIFICAÇÃO,NÃO,"Após contato com Priscila Veloso Nogueira - Educadora da Casa abrigo Associação de Formação e Reeducação Lua Nova de Sorocaba/SP, obtive a informação que há vários órgãos como Sistema de Justiça, serviços de saúde, delegacias da mulher e comum que levam as mulheres para a casa, além de outras pessoas que conhecem o trabalho como vereadores e pessoas que realizam trabalhos sociais. São abrigadas mulheres em situação de vulnerabilidade, mas não necessariamente que estejam sofrendo violência doméstica e familiar. Não há também um prazo específico para que as mulheres permaneçam abrigadas, algumas moram no local durante muito tempo. A Sra. Priscila disse que o endereço da casa não é divulgado, mas como várias pessoas sabem onde fica, o serviço não possui sigilo. ",LEVANTAMENTO REALIZADO COM SUCESSO,SEM ESPECIFICAÇÃO,Priscila Veloso Nogueira - Facilitadora/ Educadora,Camilla Paolone,,
46.0,S,RS,4314902.0,PORTO ALEGRE,Serviços de Abrigamento,Serviços de Abrigamento,Casa de Apoio Viva Maria - Porto Alegre,Secretaria Municipal de Saúde. ,   (51)3340-5011     (51)3347-2493      Fax:(51)3340-5011,lucianemachado@sms.prefboa.com.br,Luciane Ferreira Machado.,(51)9187-7842,ALTERADO - DADOS,JUNHO,CAMILLA PAOLONE,CONFERIDO,JUNHO,2014-06-24T00:00:00Z,1992-06-14T00:00:00Z,1992.0,24h,"DEAM, CREAS, CRAS, CRAM, Conselho de direitos humanos, unidade de saúde e conselho tutelar. ",SIM,SIM,1.0,SIM,1.0,NÃO,0.0,NÃO,0.0,SIM,4.0,SIM,1.0,SIM,"Um estagiário de direito, uma nutricionista, uma enfermeira, duas terapêutas ocupacionais, uma auxiliar de enfermagem, seis monitoras, uma atendente de enfermagem, quatro cozinheiras, uma auxiliar de serviços gerais, dois estagiários de psicologia, dois estagiários de educação física, uma estagiária de nutrição e duas estagiárias técnico em administração.",SIM,NÃO,SIM,NÃO,SEM ESPECIFICAÇÃO,SIM,SIM,NÃO,NÃO,NÃO,NÃO,SEM ESPECIFICAÇÃO,SIM,SIM,4.0,SIM,1.0,SIM,3.0,SIM,2.0,SIM,3.0,SIM,2.0,SIM,48.0,SIM,10.0,SIM,"Duas máquinas de secar roupas, três DVDs, seis cubas para manter o alimento aquecido, onze aparelhos de ar condicionado, doze ventiladores de teto e onze ventiladores de parede.",SIM,NÃO,SIM,SIM,SIM,NÃO,SEM ESPECIFICAÇÃO,SIM,SEM ESPECIFICAÇÃO,LEVANTAMENTO REALIZADO COM SUCESSO,SEM ESPECIFICAÇÃO,"Luciane Ferreira Machado.
Coordenadora
",Maria Mônica Ferreira,,
47.0,S,RS,4316907.0,SANTA MARIA,Serviços de Abrigamento,Serviços de Abrigamento,Casa de Passagem Mulheres Vitimas de Violência Aconchego – Santa Maria,Secretaria de Assistência Social,(55)3221-3981,m.lardemiriam@yahoo.com.br      suzisangoi@gmail.com,Suzi Sangoi Rodrigues.,(55) 8406-9959,ALTERADO - DADOS,JUNHO,CAMILLA PAOLONE,CONFERIDO,JUNHO,2014-06-24T00:00:00Z,2009-07-01T00:00:00Z,2009.0,24h,"Delegacia da Mulher, Ministério Público e a Policia Civil só em caso de emergência à noite.",SIM,SIM,1.0,SIM,1.0,SIM,1.0,SIM,1.0,SIM,1.0,NÃO,0.0,SIM,"Três educadores sociais, um serviço geral, uma auxiliar de cozinha e o  motorista  é cedido pela prefeitura municipal.",SIM,NÃO,SIM,NÃO,SEM ESPECIFICAÇÃO,SIM,SIM,NÃO,NÃO,NÃO,NÃO,SEM ESPECIFICAÇÃO,SIM,SIM,2.0,NÃO,0.0,SIM,2.0,SIM,1.0,SIM,1.0,SIM,1.0,SIM,12.0,SIM,1.0,SIM,Três berços.,SIM,NÃO,SIM,SIM,SIM,SIM, Tem oficina de costura para as mulheres abrigadas.,SIM,SEM ESPECIFICAÇÃO,LEVANTAMENTO REALIZADO COM SUCESSO,SEM ESPECIFICAÇÃO,"Suzi Sangoi Rodrigues.   
Coordenadora.
",Maria Mônica Ferreira,,
48.0,S,SC,4204608.0,CRICIÚMA,Serviços de Abrigamento,Serviços de Abrigamento,Casa Abrigo da Mulher- Criciúma,Ministério Público e Prefeitura,(48)3442-7762       (48)3431-0060                      ,marianeperuch@criciuma.sc.gov.br,Ana Cláudia de Abreu Morales,(48)9963-9988,CONFERIDO,JULHO,CAMILLA PAOLONE,CONFERIDO,JULHO,2014-07-03T00:00:00Z,2009-01-15T00:00:00Z,2009.0,24h,"Delegacia da mulher, CREAS, conselho tutelar e  ministério público.",SIM,NÃO,0.0,NÃO,0.0,SIM,1.0,NÃO,0.0,SIM,2.0,SIM,1.0,SIM,"Tem três educadoras. 
      A psicóloga e a assistente social são disponibilizadas pelo CREAS. 
",SIM,NÃO,SIM,NÃO,SEM ESPECIFICAÇÃO,SIM,SIM,NÃO,NÃO,NÃO,NÃO,SEM ESPECIFICAÇÃO,SIM,SIM,1.0,SIM,1.0,SIM,2.0,SIM,1.0,SIM,1.0,SIM,1.0,SIM,10.0,SIM,1.0,NÃO,SEM ESPECIFICAÇÃO,SIM,NÃO,SIM,NÃO,SIM,NÃO,SEM ESPECIFICAÇÃO,SIM,SEM ESPECIFICAÇÃO,LEVANTAMENTO REALIZADO COM SUCESSO,SEM ESPECIFICAÇÃO,"Mariane Peruch.
Coordenadora da Proteção Especial da Casa Abrigo.
",Maria Mônica Ferreira.,,
49.0,CO,DF,5300108.0,BRASÍLIA,Serviços de Abrigamento,Serviços de Abrigamento,Casa Abrigo - Brasília ,Secretaria de Estado da Mulher,(61)7813-5294 - (61)7816-8506 - (61)9115-7392,mccbsilva@yahoo.com.br,Maria Cecília Correia Barreto Silva ,(61)9115-7392,CONFERIDO,SETEMBRO,LÍGIA SILVA,CONFERIDO,SETEMBRO,2014-09-23T00:00:00Z,1993-06-15T00:00:00Z,1993.0,24h.,DEAM,SIM,SIM,4.0,SIM,1.0,SIM,3.0,SIM,2.0,SIM,4.0,SIM,4.0,NÃO,SEM ESPECIFICAÇÃO,SIM,NÃO,NÃO,NÃO,SEM ESPECIFICAÇÃO,SIM,SIM,NÃO,NÃO,NÃO,SIM,"Menores sexo masculino até 12 anos, acompanhados por mãe ou responsável e Menores adolescentes do sexo feminino até 17 anos, acompanhadas por mãe ou responsável.",SIM,SIM,5.0,SIM,4.0,NÃO,0.0,SIM,1.0,SIM,4.0,SIM,1.0,SIM,42.0,SIM,1.0,SIM,"Possui 10 berços, 3 geladeiras e 9 bebedouros.",SIM,NÃO,SIM,NÃO,SIM,SIM,SEM ESPECIFICAÇÃO,SIM,NÃO INFORMADO,LEVANTAMENTO REALIZADO COM SUCESSO,"Resposta por e-mail, recebido em 23/9/2014.",Maria Cecília Correia Barreto Silva - Gerência de Programa Casa Abrigo do DF,PATRICIA DIAS,,
50.0,SE,MG,3127701.0,GOVERNADOR VALADARES,Serviços de Abrigamento,Serviços de Abrigamento,Casa Abrigo Coragem de Ser Mulher - Governador Valadares ,NÃO INFORMADO,(33)3277-9300 (33)3212-0802 Fax: (33)3277-9300 ,mgracaso@hotmail.com,Maria das Graças Silva Oliveira ,NÃO INFORMADO,CONFERIDO,JUNHO,CAMILLA PAOLONE,CONFERIDO,JUNHO,2014-06-17T00:00:00Z,NÃO INFORMADO,2002.0,24H,CREAS,NÃO,SIM,1.0,SIM,1.0,SIM,4.0,NÃO,0.0,SIM,2.0,NÃO,0.0,NÃO,SEM ESPECIFICAÇÃO,SIM,SIM,NÃO,NÃO,SEM ESPECIFICAÇÃO,SIM,SIM,SIM,SIM,NÃO,NÃO,SEM ESPECIFICAÇÃO,SIM,NÃO,0.0,SIM,1.0,NÃO,0.0,NÃO,0.0,SIM,1.0,NÃO,0.0,SIM,3.0,SIM,1.0,NÃO,SEM ESPECIFICAÇÃO,SIM,NÃO,NÃO,SIM,SIM,NÃO,SEM ESPECIFICAÇÃO,SIM,NÃO,LEVANTAMENTO REALIZADO COM SUCESSO,SEM ESPECIFICAÇÃO,Maria das Graças Silva Oliveira - Coordenadora,Patricia Dias,,
51.0,SE,SP,3549805.0,SÃO JOSÉ DO RIO PRETO,Serviços de Abrigamento,Serviços de Abrigamento,Casa Rosa de Curta Permanência - São José do Rio Preto ,Instituto Espírita Nosso Lar/IELAR,(17)3222-2041,mulher@riopreto.sp.gov.br,Ribelta Aparecida Pires de Sant’Anna,(17)99147-4913,CONFERIDO,JULHO,CAMILLA PAOLONE,CONFERIDO,JUNHO,2014-07-15T00:00:00Z,NÃO INFORMADO,2003.0,24 horas,"Delegacia de Defesa da Mulher, Conselhos Tutelares, Polícia Militar, entre outros da rede socio-assistencial",SIM,SIM,1.0,SIM,3.0,NÃO,0.0,SIM,1.0,SIM,4.0,SIM,4.0,NÃO,SEM ESPECIFICAÇÃO,SIM,NÃO,SIM,SIM,Situação de rua depende da avaliação,SIM,SIM,NÃO,NÃO,NÃO,NÃO,SEM ESPECIFICAÇÃO,SIM,SIM,1.0,SIM,4.0,SIM,1.0,SIM,1.0,SIM,2.0,SIM,2.0,SIM,8.0,SIM,1.0,NÃO,SEM ESPECIFICAÇÃO,SIM,SIM,SIM,SIM,SIM,NÃO,SEM ESPECIFICAÇÃO,SIM,NÃO SE APLICA,LEVANTAMENTO REALIZADO COM SUCESSO,SEM ESPECIFICAÇÃO,Ribelta Aparecida Pires de Sant’Anna - Coordenadora,Jéssica de Oliveira,,
52.0,SE,SP,3503208.0,ARARAQUARA,Serviços de Abrigamento,Serviços de Abrigamento,Casa Abrigo para Mulheres Vítimas de Violência Álaíde Aparecida Kuranaga - Araraquara ,Secretaria Municipal de Articulação Institucional e da Participação Popular ,(16)3333-6582 (16)3334-2033; (16)99762-0697 Fax: (16)3334-2033,mulheres@araraquara.sp.gov.br / cppmulheres@araraquara.sp.gov.br ,Geane Márcia do Nascimento Trevisoli,(16)99703-8629,ALTERADO - DADOS,JUNHO,CAMILLA PAOLONE,CONFERIDO,JUNHO,2014-06-25T00:00:00Z,2000-06-08T00:00:00Z,2000.0,24 horas,Centro de Referência da Mulher,SIM,SIM,2.0,NÃO,0.0,NÃO,0.0,SIM,1.0,NÃO,0.0,SIM,1.0,SIM,A segurança da Casa abrigo é feita pela Guarda Municipal,NÃO,SIM,NÃO,NÃO,SEM ESPECIFICAÇÃO,SIM,SIM,NÃO,NÃO,NÃO,NÃO,SEM ESPECIFICAÇÃO,SIM,SIM,1.0,SIM,1.0,SIM,1.0,SIM,1.0,SIM,4.0,SIM,1.0,SIM,15.0,SIM,1.0,NÃO,SEM ESPECIFICAÇÃO,SIM,NÃO,SIM,SIM,SIM,NÃO,SEM ESPECIFICAÇÃO,SIM,NÃO SE APLICA,LEVANTAMENTO REALIZADO COM SUCESSO,SEM ESPECIFICAÇÃO,Geane Márcia do Nascimento Trevisoli - Coordenadora da casa abrigo,Camilla Paolone,,
53.0,SE,MG,3106200.0,BELO HORIZONTE,Serviços de Abrigamento,Serviços de Abrigamento,Casa Abrigo Sempre Viva - Belo Horizonte,Vinculado ao Consórcio Regional de Promoção da Cidadania Mulheres das Gerais,"(31)3484-2387  
(31)8647-6135",mulheresdasgerais@mulheresdasgerais.com.br ,Ermilina de Fátima de Melo,(31)8647-6135,ALTERADO - DADOS,JUNHO,CAMILLA PAOLONE,CONFERIDO,JUNHO,2014-06-13T00:00:00Z,1996-10-30T00:00:00Z,1996.0,24 horas,"Centro de Referência da mulher dos municípios de Belo Horizonte, Contagem e Sabará e CREAS do município de Betim.",SIM,SIM,2.0,NÃO,0.0,NÃO,0.0,NÃO,0.0,SIM,1.0,SIM,1.0,NÃO,SEM ESPECIFICAÇÃO,SIM,NÃO,NÃO,NÃO,SEM ESPECIFICAÇÃO,SIM,SIM,NÃO,NÃO,NÃO,NÃO,SEM ESPECIFICAÇÃO,SIM,SIM,3.0,SIM,1.0,SIM,3.0,SIM,1.0,SIM,3.0,SIM,5.0,SIM,24.0,SIM,5.0,SIM,As máquinas de lavar precisam de manuntenção.,NÃO,NÃO,SIM,NÃO,SIM,NÃO,SEM ESPECIFICAÇÃO,SIM,NÃO,LEVANTAMENTO REALIZADO COM SUCESSO,SEM ESPECIFICAÇÃO,Ermilina de Fátima de Melo - Coordenadora,Patricia Dias,,
54.0,N,AM,1302603.0,MANAUS,Serviços de Abrigamento,Serviços de Abrigamento,Casa Abrigo Antônia Nascimento Priante - Manaus,Secretaria Estadual de Assistência Social e Cidadania,(92)9299-5953       (92)3087-6825,nadyma@seas.am.gov.br - nadymacavalcante@hotmail.com,Nadyma Catarina Cavalcante Alves.,(92)9299-5953   ,CONFERIDO,JUNHO,CAMILLA PAOLONE,CONFERIDO,JUNHO,2014-06-26T00:00:00Z,2007-11-19T00:00:00Z,2007.0,24h,"1º e 2º juizado especializado de violência domestica, serviço de apoio emergencial a mulher (SAPEM), centro estadual de referência (CREAM)",SIM,SIM,2.0,SIM,1.0,SIM,1.0,NÃO,0.0,SIM,4.0,SIM,1.0,SIM,"     Uma auxiliar administrativa, uma serviço geral e três monitoras sociais. ",SIM,SIM,NÃO,SIM,       Referente a pergunta 2.2 – Ocorre o abrigamento se a mulher participar do programa de proteção a vítimas de violência urbana.,SIM,SIM,SIM,SIM,NÃO,NÃO,SEM ESPECIFICAÇÃO,SIM,SIM,1.0,SIM,1.0,SIM,3.0,SIM,1.0,SIM,1.0,NÃO,0.0,SIM,24.0,SIM,1.0,SIM, Todas as salas e quartos são climatizados. ,SIM,NÃO,SIM,NÃO,SIM,NÃO,SEM ESPECIFICAÇÃO,SIM,SEM ESPECIFICAÇÃO,LEVANTAMENTO REALIZADO COM SUCESSO,SEM ESPECIFICAÇÃO,"Nadyma Catarina Cavalcante Alves.
Coordenadora
",Maria Mônica Ferreira.,,
55.0,N,AC,1200203.0,CRUZEIRO DO SUL,Serviços de Abrigamento,Serviços de Abrigamento,Casa Abrigo do Juruá - CAJ - Cruzeiro do Sul ,Secretaria de Estado de Desenvolvimento Social - SEDS,(68)3322-3065; (68)3322-2511,NÃO INFORMADO,Natalia de Oliveira Felix Siqueira,(68) 9977-9440,CONFERIDO,JUNHO,LÍGIA SILVA,CONFERIDO,JUNHO,2014-06-13T00:00:00Z,NÃO INFORMADO,NÃO INFORMADO,24 horas,"Através do CRAS, CREAS, CRAM, DEAMS.   ",NÃO,NÃO,0.0,SIM,1.0,NÃO,0.0,NÃO,0.0,SIM,3.0,NÃO,0.0,SIM,"COMPLEMENTO DA RESPOSTA 1.3 - Monitoras. COMPLEMENTO DA RESPOSTA 1.7 - Monitores( Serviços gerais) - 11 PESSOAS
– 11 PESSOAS  -   
.",SIM,SIM,NÃO,NÃO,"COMPLEMENTO DA RESPOSTA 2.2 - Desde que tenha a mulher enquanto vítima. Destacando que a medida de abrigamento é medida de proteção quando há risco, ameaças, por isso ser qualificada como de Alta Complexidade.",SIM,SIM,NÃO,NÃO,NÃO,NÃO ,"COMPLEMENTO DA RESPOSTA 3.4 - Os filhos do sexo masculino, somente são permitidos até a idade de 14 (quatorze) anos.",NÃO SOUBE INFORMAR,SIM,2.0,SIM,1.0,SIM,2.0,SIM,1.0,SIM,2.0,SIM,1.0,SIM,12.0,SIM,2.0,NÃO,SEM ESPECIFICAÇÃO ,SIM,NÃO,SIM,SIM,SIM,NÃO,SEM ESPECIFICAÇÃO ,SIM,SEM ESPECIFICAÇÃO,LEVANTAMENTO REALIZADO COM SUCESSO,SEM ESPECIFICAÇÃO,Danielly Castelo Macedo - Assistente Social - (INFORMAÇÕES RECEBIDAS POR E-MAIL DIA 13/06/2014),LÍGIA SILVA,,
56.0,CO,MT,5107602.0,RONDONÓPOLIS,Serviços de Abrigamento,Serviços de Abrigamento,Casa Abrigo Associação Recanto Fraterno - Rondonópolis ,a Secretaria Municipal de Assistência Social,(66)3422-4631  ,NÃO INFORMADO,Guiomar ,(66)9905-0022 ,ALTERADO - DADOS,JUNHO,LÍGIA SILVA,CONFERIDO,JUNHO,2014-06-13T00:00:00Z,1992-11-17T00:00:00Z,1992.0,24 HORAS ,"São encaminhadas pela Delegacia, Conselho Tutelar, Policia Militar e Civil, Conselho da Mulher, CRAS, CREAS  ",É necessário que ela tenha o BO ou o encaminhamento do órgão que encaminhou a cidadã para a casa abrigo. ,NÃO,0.0,NÃO,0.0,NÃO,0.0,NÃO,0.0,NÃO,0.0,NÃO,0.0,SIM,COMPLEMENTO DA RESPOSTA 1.1 - A cidadã é atendida pelo psicologo da Delegacia da Mulher. COMPLEMENTO DARESPOSTA 1.2 - A cidadã é atendida pela assistente social da rede de apoio. COMPLEMENTO DARESPOSTA 1.4 – É atendida pela rede de apoio. COMPLEMENTO DARESPOSTA 1.6 - A coordenadora que leva a cidadã para os serviços da rede.   ,SIM,NÃO,NÃO,NÃO,SEM ESPECIFICAÇÃO,SIM,NÃO,SIM,NÃO,NÃO,SIM,COMPLEMENTO DA RESPOSTA 3.3 - Desde que esteja  com o documento do órgão  que a encaminhou e que este seja  responsável por ela devido ser menor.  ,SIM,SIM,2.0,SIM,1.0,NÃO,0.0,SIM,1.0,SIM,3.0,SIM,1.0,SIM,25.0,SIM,2.0,Sim,COMPLEMENTO DA RESPOSTA - Tem 01 computador sem acesso a internet. COMPLEMENTO DA RESPOSTA 5.6 - Tanquinho 1,SIM,NÃO,SIM,NÃO,SIM,NÃO,SEM ESPECIFICAÇÃO,SIM,NÃO SE APLICA,LEVANTAMENTO REALIZADO COM SUCESSO,SEM ESPECIFICAÇÃO,Leila da Silva Melo - Monitora - dia 13/06/2014,LÍGIA SILVA,,
57.0,NE,PE,2605707.0,FLORESTA,Serviços de Abrigamento,Serviços de Abrigamento,Casa Abrigo Viva Mulher Viva ,Ong Eco Terra,(87) 9995-0042 - (87)9968-8000,NÃO INFORMADO,Maria Nilda Ferraz Novaes - coordenadora - nildaferraz@yahoo.com.br,(87)3877-1306,CONFERIDO,JULHO,CAMILLA PAOLONE,CONFERIDO,JULHO,2014-07-01T00:00:00Z,NÃO INFORMADO,2002.0,24h,Hospital Regional e Delegacia de Policia,NÃO,SIM,1.0,SIM,1.0,SIM,1.0,SIM,2.0,SIM,1.0,NÃO,0.0,SIM,"A casa não tem veículo tem um taxista, que é sócio fundador que disponibiliza o carro de táxi ",NÃO,SIM,SIM,SIM,"Na maioria é violência doméstica , mas informou que hoje não há uma procura pelo serviço e que no momento não consta pessoas abrigadas ",SIM,SIM,SIM,SIM,SIM,SIM,"Acolhe todos os públicos, porém são encaminhados para os serviços competentes de responsabilização",SIM,NÃO,0.0,NÃO,0.0,SIM,1.0,SIM,1.0,SIM,1.0,NÃO,0.0,SIM,4.0,SIM,1.0,SIM,"Já solicitou a câmara vereadora mais utensílios até o momento não tem resposta, tem um vídeo cassete e 1  sofá ",NÃO,NÃO,SIM,SIM,SIM,SIM,Casa precisa de uma reforma geral e Gostaria da ampliação do espaço para as crianças ,NÃO,"Informou que a casa já teve seu sigilo 100% hoje não _ porque considera com localiza na periferia não tem aviso placa, mas algumas pessoas já sabem a existência do serviço não divulga o endereço, mas quando era fora da cidade tinha um sigilo seguro como houve a mudança para periferia, considera hoje  seu sigilo em  80%",LEVANTAMENTO REALIZADO COM SUCESSO,SEM ESPECIFICAÇÃO,Maria Nilda Ferraz Novaes - coordenadora,Juliana ,,
58.0,SE,RJ,3301009.0,CAMPOS DOS GOYTACAZES,Serviços de Abrigamento,Serviços de Abrigamento,Casa da Mulher Benta Pereira - Campo dos Goytacazes,Vinculado à Secretaria de Família e Assistência Social.,(22)2733-9825 ,NÃO INFORMADO,Cenilda Vianna Vieira Pereira Carneiro, (22)9992-4579,ALTERADO - DADOS,JUNHO,CAMILLA PAOLONE ,CONFERIDO,JUNHO,2014-06-24T00:00:00Z,2002-06-24T00:00:00Z,2002.0,24h. ,CREAS; Delegacias Especiliazadas ,Sim,SIM,1.0,SIM,1.0,SIM,1.0,SIM,1.0,SIM,2.0,NÃO,0.0,SIM, A COORDENADORA INFORMOU QUE A CASA ABRIGO NÃO POSSUI MOTORISTA E QUANDO NECESSITAM DE UM É ENVIADO DA SECRETARIA.,SIM,NÃO,NÃO,NÃO,NÃO ,SIM,SIM,NÃO,NÃO,NÃO,NÃO ,NÃO,SIM,SIM,1.0,NÃO,0.0,SIM,1.0,NÃO,0.0,SIM,1.0,SIM,1.0,SIM,18.0,SIM,1.0,SIM,"A SENHORA CENILDA INFORMOU QUE NA CASA HÁ UM COMPUTADOR,PORÉM NÃO TEM ACESSO Á INTERNET.",SIM,NÃO,SIM,SIM,SIM,NÃO,SEM ESPECIFICAÇÃO,SIM,NÃO,LEVANTAMENTO REALIZADO COM SUCESSO,SEM ESPECIFICAÇÃO, Cenilda Vianna vieira pereira carneiro - coordenadora.,GERSILENE,,
59.0,SE,SP,3548906.0,SÃO CARLOS,Serviços de Abrigamento,Serviços de Abrigamento,Casa Abrigo Gravelina Terezinha Lemes - São Carlos,Secretária Municipal de Cidadania e Assistência Social,(16) 3371-2290,Não Informado,CREAS E CRM,(16)3374-3271,ALTERADO - DADOS,JULHO,CAMILLA PAOLONE,CONFERIDO,JULHO,2014-07-21T00:00:00Z,2001-03-08T00:00:00Z,2001.0,24 horas,"CREAS, CRM , delegacia da Mulher e defensoria.",SIM,SIM,1.0,SIM,1.0,SIM,1.0,NÃO,0.0,SIM,4.0,SIM,1.0,SIM,"há na equipe uma Chefe de Divisão, Supervisora de Unidade e Serviços Gerais",SIM,SIM,NÃO,NÃO,SEM ESPECIFICAÇÃO,SIM,SIM,NÃO,NÃO,NÃO,SIM,Abrigam mulheres com filhos menores de 18 anos.,NÃO INFORMADO,SIM,1.0,SIM,1.0,SIM,1.0,SIM,1.0,SIM,1.0,SIM,1.0,SIM,6.0,SIM,3.0,SIM,"Possuem DVD, ventilador com pé, bebedouro de água, geladeira, freezer, liquidificador, micro-ondas, batedeira de bolo, display, fogão de 04 bocas a gás e ferro de passar roupas, 1 item de cada.",SIM,NÃO,SIM,SIM,SIM,SIM,"Há também Salas, Segurança, Pedagoga, Administrativa, Equipe Técnica, Convivência, lavanderia, Espaço para atividades e Garagem para 02 veículos",SIM,NÃO SE APLICA,LEVANTAMENTO REALIZADO COM SUCESSO,SEM ESPECIFICAÇÃO,Lúcia Maria Gomes Reali - Diretora do Departamento de Assistência Social,Camilla Paolone,,
60.0,N,RR,1400100.0,BOA VISTA,Serviços de Abrigamento,Serviços de Abrigamento,Casa Abrigo de Maria- Boa Vista,Secretaria de Estado do Trabalho e Bem-Estar Social - SETRABES,(95)2121-2636,paulabenedetti.adv@hotmail.com,Paula Yandara Benedetti Torreyas,(95)9118-0468,ALTERADO - DADOS,JULHO,NILVA,CONFERIDO,JULHO,2014-07-07T00:00:00Z,2003-01-03T00:00:00Z,2003.0,24h,"Polícias Civil e Militar, Conselho Tutelar e Juizado Especializado em Violência Doméstica e Familiar contra a Mulher.",SIM,SIM,1.0,SIM,1.0,NÃO,0.0,NÃO,0.0,SIM,4.0,SIM,1.0,SIM,"Uma cozinheira, duas auxiliares de serviços gerais, onze agentes sócios orientadoras e uma auxiliar administrativo.",SIM,NÃO,NÃO,NÃO,SEM ESPECIFICAÇÃO,SIM,SIM,SIM,NÃO,NÃO,NÃO,SEM ESPECIFICAÇÃO,SIM,SIM,1.0,SIM,1.0,NÃO,0.0,SIM,2.0,SIM,2.0,SIM,2.0,SIM,8.0,SIM,2.0,NÃO,SEM ESPECIFICAÇÃO,NÃO,NÃO,SIM,NÃO,SIM,NÃO,SEM ESPECIFICAÇÃO,NÃO,"O Abrigo funciona no mesmo local há mais de dois anos e por esse motivo seu endereço é conhecido por vários órgãos  e parte da população.

",LEVANTAMENTO REALIZADO COM SUCESSO,SEM ESPECIFICAÇÃO,"Paula Yandara Benedetti Torreyas.
Gerente do Abrigo de Maria.

Respostas via e-mail",Maria Mônica Ferreira,,
61.0,SE,MG,3170206.0,UBERLÂNDIA,Serviços de Abrigamento,Serviços de Abrigamento,Casa Abrigo Travessia - Uberlândia ,Secretaria de Desenvolvimento Social e Trabalho,(34)3239-2767 (34)3239-2544  ,protecaoespecialsedest@uberlandia.mg.gov.br  aps@uberlandia.mg.gov.br ,Vilma Garcia Ribeiro,(34)3339-2544,ALTERADO - DADOS,JUNHO,CAMILLA PAOLONE,CONFERIDO,JUNHO,2014-06-17T00:00:00Z,NÃO INFORMADO,2002.0,24 horas,A deam e o Centro Integrado da Mulher,SIM,NÃO,0.0,NÃO,0.0,SIM,8.0,NÃO,0.0,SIM,4.0,NÃO,0.0,SIM,"Para atendimento psicológico, social e jurídico a equipe do Centro Integrado da Mulher se desloca para realizar o atendimento.",SIM,NÃO,NÃO,NÃO,SEM ESPECIFICAÇÃO,SIM,NÃO,NÃO,NÃO,NÃO,NÃO,SEM ESPECIFICAÇÃO,SIM,SIM,1.0,SIM,1.0,SIM,1.0,SIM,1.0,SIM,1.0,SIM,1.0,SIM,12.0,SIM,1.0,NÃO,SEM ESPECIFICAÇÃO,SIM,NÃO,SIM,SIM,SIM,NÃO,SEM ESPECIFICAÇÃO,SIM,NÃO,LEVANTAMENTO REALIZADO COM SUCESSO,SEM ESPECIFICAÇÃO,Cristina America da Silva - Diretora (Gestão Especial) ,Patricia Dias,,
62.0,N,RO,1100205.0,PORTO VELHO,Serviços de Abrigamento,Serviços de Abrigamento,Casa Abrigo para Mulheres em Situação de Violência Doméstica,Secretaria Municipal de Assistência Social (SEMAS),(69)3901-1339 ,reis.urdiales@gmail.com,Maria Aparecida Réus Urdiales,(69)9203-4486,CONFERIDO,JULHO,CAMILLA PAOLONE,CONFERIDO,JUNHO,2014-06-30T00:00:00Z,2010-03-08T00:00:00Z,2010.0,24 horas,"Centro de referência da mulher,Deam e MP.",SIM,NÃO,0.0,NÃO,0.0,NÃO,0.0,NÃO,0.0,SIM,4.0,NÃO,0.0,SIM,A SENHORA MARIA APARECIDA INFORMOU QUE NA CASA ABRIGO NÃO POSSUI EQUIPE E QUE O ATENDIMENTO ÁS MULHERES SÃO FEITOS PELOS PROFISSIONAIS DO CENTRO DE REFERÊNCIA.,SIM,SIM,SIM,NÃO,SEM ESPECIFICAÇÃO,SIM,NÃO,NÃO,NÃO,NÃO,NÃO,SEM ESPECIFICAÇÃO,SIM,NÃO,0.0,SIM,1.0,NÃO,0.0,SIM,1.0,SIM,1.0,SIM,1.0,SIM,12.0,SIM,5.0,NÃO,SEM ESPECIFICAÇÃO,NÃO,NÃO,NÃO,SIM,SIM,NÃO,SEM ESPECIFICAÇÃO,SIM, NÃO,LEVANTAMENTO REALIZADO COM SUCESSO,SEM ESPECIFICAÇÃO,MARIA APARECIDA RÉUS URDIALES/ COORDENADORA,GERSILENE,,
63.0,S,RS,4305108.0,CAXIAS DO SUL,Serviços de Abrigamento,Serviços de Abrigamento,Casa de Apoio Viva Rachel –Caxias do Sul,Prefeitura Municipal de Caxias do Sul,(54)3218 6026,roseli@caxias.rs.gov.br,Roseli Angélica Perusato.,(54)9907-6132,CONFERIDO,JULHO,CAMILLA PAOLONE,CONFERIDO,JUNHO,2014-06-27T00:00:00Z,NÃO INFORMADO,NÃO INFORMADO,24h,"De segunda a sexta-feira durante o dia, quem realiza os encaminhamentos é o CRM – Centro de Referência para a Mulher;
À noite e finais de semana os encaminhamentos são realizados pela Casa de Passagem Carlos Miguel (Albergue).
",SIM,SIM,1.0,SIM,1.0,NÃO,0.0,SIM,1.0,NÃO,0.0,SIM,1.0,SIM,"Uma nutricionista, uma cozinheira e cinco educadoras sociais.

",SIM,NÃO,NÃO,NÃO,SEM ESPECIFICAÇÃO,SIM,SIM,NÃO,NÃO,NÃO,NÃO,SEM ESPECIFICAÇÃO,SIM,SIM,1.0,SIM,1.0,SIM,2.0,SIM,1.0,SIM,3.0,SIM,2.0,SIM,18.0,SIM,3.0,SIM,Dois berços.,SIM,NÃO,SIM,SIM,SIM,NÃO,SEM ESPECIFICAÇÃO,SIM,SEM ESPECIFICAÇÃO,LEVANTAMENTO REALIZADO COM SUCESSO,SEM ESPECIFICAÇÃO,"Roseli Angélica Perusato.
Coordenadora.
",Maria Mônica Ferreira,,
64.0,N,RO,1100049.0,CACOAL,Serviços de Abrigamento,Serviços de Abrigamento,Casa de Acolhida Feminina São Camilo de Cacoal,NÃO INFORMADO,NÃO INFORMADO,santaselma@hotmail.com.br,Santa Selma R.C.Bordinhon,(69)9238-4259; (69)8110-1280 ,NÃO ATUALIZADO ,CADASTRO SEM SUCESSO,CAMILLA PAOLONE,NÃO ATUALIZADO ,CADASTRO SEM SUCESSO,2014-09-25T00:00:00Z,NÃO INFORMADO,2003.0,NÃO INFORMADO,NÃO INFORMADO,NÃO,NÃO,0.0,NÃO,0.0,NÃO,0.0,NÃO,0.0,NÃO,0.0,NÃO,0.0,SIM,AGUARDANDO EMAIL,NÃO,NÃO,NÃO,SIM,AGUARDANDO EMAIL,NÃO,NÃO,NÃO,NÃO,NÃO,SIM,AGUARDANDO EMAIL,NÃO,NÃO,0.0,NÃO,0.0,NÃO,0.0,NÃO,0.0,NÃO,0.0,NÃO,0.0,NÃO,0.0,NÃO,0.0,SIM,AGUARDANDO EMAIL,NÃO,NÃO,NÃO,NÃO,NÃO,SIM,AGUARDANDO EMAIL,NÃO,NÃO,NÃO CONSEGUIU ENTRAR EM CONTATO COM A PESSOA SOLICITADA,"SERVIÇO SERÁ ATUALIZADO POR 
E-MAIL


E-mail poderá ser encaminhado aos cuidados da Responsável pelo serviço: Santa Selma R.C.Bordinhon

E-mail: santaselma@hotmail.com.br
Previsão de resposta até o dia 30/09/2014.
","Santa Selma R.C.Bordinhon
Coordenadora ",Grazielle Reis,,
65.0,NE,CE,2304400.0,FORTALEZA,Serviços de Abrigamento,Serviços de Abrigamento,Casa do Caminho - Fortaleza ,Secretaria do Trabalho e Desenvolvimento Social do Estado do Ceará.," (85)3101-4608   
 (85)3101-2383  ",sas@sas.ce.gov.br,Maria Jaqueline Maia Pinheiro,(85)8882-2267,CONFERIDO,JUNHO,LÍGIA SILVA,CONFERIDO,JUNHO,2014-06-12T00:00:00Z,NÃO INFORMADO,1992.0,24h.,Centro Estadual de Referência e Apoio à Mulher (CERAM) - Fortaleza ,SIM,NÃO,0.0,SIM,2.0,SIM,1.0,NÃO,0.0,SIM,1.0,SIM,1.0,SIM,OUTROS - Sociologa-01. COMPLEMENTO DA RESPOSTA 1.3 - Pedagoga 01.  ,SIM,NÃO,NÃO,NÃO,SEM ESPECIFICAÇÃO ,SIM,SIM,NÃO,NÃO,NÃO,NÃO,SEM ESPECIFICAÇÃO ,SIM,SIM,2.0,SIM,1.0,NÃO,0.0,SIM,1.0,SIM,2.0,SIM,1.0,SIM,14.0,SIM,2.0,SIM,COMPLEMENTO DA RESPOSTA 5.3 – Computador - 03 -  sem acesso a internet.  COMPLEMENTO DA RESPOSTA 5.7 – Beliches - 14 ,SIM,NÃO,SIM,SIM,SIM,SIM,COMPLEMENTO DA RESPOSTA 6.4 - Falta somente algumas adaptações,SIM,SEM ESPECIFICAÇÃO ,LEVANTAMENTO REALIZADO COM SUCESSO,SEM EPECIFICAÇÃO ,Rita de Cássia Sidney Marques - Orientadora da  Células de Atenção a Alta Complexidade - dia 12/06/2014 ,LÍGIA SILVA,,
66.0,N,PA,1504208.0,MARABÁ,Serviços de Abrigamento,Serviços de Abrigamento,Casa Abrigo de Mulheres Vítimas de Violência Doméstica e Familiar - Marabá,Secretaria de Estado de Assistência Social., (94)3322-2212        (65)9966-2880,seasmaraba@hotmail.com,Ivonete Nascimento Gomes Trindade.,(94)9167-9676,ALTERADO - DADOS,JUNHO,CAMILLA PAOLONE,CONFERIDO,JUNHO,2014-06-18T00:00:00Z,2006-06-28T00:00:00Z,2006.0,24hs,"Deam, unidades de saúde, ministério público através da vara de violência doméstica e familiar.",SIM,NÃO,0.0,SIM,2.0,NÃO,0.0,NÃO,0.0,SIM,4.0,NÃO,0.0,SIM,Quatro monitoras e cinco serviços gerais.,SIM,NÃO,NÃO,NÃO,SEM ESPECIFICAÇÃO,SIM,SIM,SIM,NÃO,NÃO,NÃO,SEM ESPECIFICAÇÃO,SIM,SIM,1.0,SIM,1.0,SIM,2.0,SIM,2.0,SIM,1.0,SIM,1.0,SIM,10.0,NÃO,0.0,NÃO,SEM ESPECIFICAÇÃO,SIM,NÃO,NÃO,NÃO,SIM,NÃO,SEM ESPECIFICAÇÃO,SIM,SEM ESPECIFICAÇÃO,LEVANTAMENTO REALIZADO COM SUCESSO,SEM ESPECIFICAÇÃO,Ivonete Nascimento Gomes Trindade. Coordenadora,Maria Mônica Ferreira.,,
67.0,SE,ES,3201506.0,COLATINA,Serviços de Abrigamento,Serviços de Abrigamento,Casa Abrigo Gildete Lopes Barbosa Neves - Colatina ,Secretaria Municipal de Assistência Social,(27)3177-7020 ,semas@colatina.es.gov.br; casaabrigodemulheres.colatina@gmail.com ,Gesiane Kumm ,(27)9995-3565,ALTERADO - DADOS,JUNHO,CAMILLA PAOLONE,CONFERIDO,JUNHO,2014-06-17T00:00:00Z,2010-07-02T00:00:00Z,2010.0,24h,"DEAM, CREAS PAEF I e II, Ministério Público, 3ª e 4ª Vara Criminal de Colatina, DPJ, Polícia Militar- 8º BPM e juiz de plantão.",SIM,SIM,1.0,SIM,1.0,NÃO,0.0,NÃO,0.0,NÃO,0.0,SIM,1.0,SIM,Oito cuidadoras e uma auxiliar de serviço geral.,SIM,NÃO,NÃO,NÃO,SEM ESPECIFICAÇÃO,SIM,SIM,SIM,NÃO,NÃO,SIM,Meninas (os) até 12 anos de idade acompanhados da Mãe que foi vítima de violência.,SIM,SIM,3.0,NÃO,0.0,SIM,1.0,SIM,1.0,SIM,1.0,SIM,1.0,SIM,12.0,SIM,2.0,SIM,"Seis guarda-roupas, dois sofás, uma geladeira, um fogão, um freezer, um frigobar, três mesas de escritório, dois gaveteiros de escritório e um armário de alumínio.",SIM,NÃO,SIM,SIM,SIM,NÃO,SEM ESPECIFICAÇÃO,SIM,SEM ESPECIFICAÇÃO,LEVANTAMENTO REALIZADO COM SUCESSO,SEM ESPECIFICAÇÃO,"Gesiane Kumm.
Coordenadora
",Maria Mônica,,
68.0,NE,PI,2210607.0,SÃO RAIMUNDO NONATO,Serviços de Abrigamento,Serviços de Abrigamento,Casa Abrigo,Secretaria de assistência social (SEMTAS),(89)3582-1411,semtas2012@bol.com.br,João Batista dos Santos Neto ,NÃO INFORMADO,ALTERADO - DADOS,JULHO,CAMILLA PAOLONE,CONFERIDO,JUNHO,2014-06-30T00:00:00Z,2013-01-01T00:00:00Z,2013.0,24 horas,"CREAS, CRAS, equipe volante do CRAS.",NÃO,SIM,1.0,SIM,1.0,SIM,1.0,NÃO,0.0,SIM,1.0,NÃO,0.0,SIM, O SENHOR JOÃO BATISTA INFORMOU QUE A CASA NÃO POSSUI UMA ADVOGADA FIXA E NEM MOTORISTA E QUANDO PRECISAM DE ALGUNS DESSES PROFISSIONAIS SÃO SOLICITADOS.,SIM,SIM,SIM,NÃO,NÃO ,SIM,NÃO,SIM,NÃO,NÃO,NÃO,SEM ESPECIFICAÇÃO,SIM,SIM,1.0,NÃO,0.0,SIM,1.0,SIM,1.0,SIM,3.0,SIM,1.0,SIM,12.0,SIM,2.0,NÃO,SEM ESPECIFICAÇÃO,SIM,NÃO,SIM,SIM,SIM,NÃO,SEM ESPECIFICAÇÃO,SIM,NÃO SE APLICA,LEVANTAMENTO REALIZADO COM SUCESSO,SEM ESPECIFICAÇÃO,JOÃO BATISTA DOS SANTOS NETO / COORDENADOR,GERSILENE,,
69.0,S,RS,4301602.0,BAGÉ,Serviços de Abrigamento,Serviços de Abrigamento,Casa da Mulher - Bagé,Secretaria de Assistência Social,(53)3241-0082,snqas@bage.rs.gov.br,Nair de Fátima Avancini.,(53)9953 8150,ALTERADO - DADOS,JUNHO,CAMILLA PAOLONE,CONFERIDO,JUNHO,2014-06-25T00:00:00Z,2004-06-26T00:00:00Z,2004.0,24h,"Policia civil, CRAS, CREAS, Coordenadoria da Mulher, Ministério Público",SIM,SIM,1.0,SIM,1.0,NÃO,0.0,SIM,1.0,SIM,2.0,SIM,1.0,SIM,Três monitores.,SIM,SIM,SIM,NÃO,SEM ESPECIFICAÇÃO,SIM,SIM,NÃO,NÃO,NÃO,NÃO,SEM ESPECIFICAÇÃO,SIM,SIM,1.0,SIM,1.0,NÃO,0.0,NÃO,0.0,SIM,1.0,SIM,1.0,SIM,12.0,SIM,2.0,NÃO,SEM ESPECIFICAÇÃO,SIM,NÃO,SIM,NÃO,SIM,NÃO,"
SEM ESPECIFICAÇÃO
",SIM,SEM ESPECIFICAÇÃO,LEVANTAMENTO REALIZADO COM SUCESSO,SEM ESPECIFICAÇÃO,"Nair de Fátima Avancini.
Coordenadora
",Maria Mônica Ferreira,,
70.0,SE,SP,3550308.0,SÃO PAULO,Serviços de Abrigamento,Serviços de Abrigamento,Casa da Mamãe - São Paulo ,ONG - Conveniada com a Secretaria Municipal de Assistência Social ,(11)3120-2342 Fax: (11)3120-2342  ,social@franciscafranco.org.br ,Adriana Moura Coordenadora da Casa /  Janaína Ernica -  Gerente Social da Fundação Francisca Franco ,NÃO INFORMADO,NÃO ATUALIZADO ,CADASTRO SEM SUCESSO,LÍGIA SILVA,NÃO ATUALIZADO ,CADASTRO SEM SUCESSO,2014-09-22T00:00:00Z,NÃO INFORMADO,1984.0,NÃO INFORMADO,NÃO INFORMADO,NÃO INFORMADO,NÃO INFORMADO,0.0,NÃO INFORMADO,0.0,NÃO INFORMADO,0.0,NÃO INFORMADO,0.0,NÃO INFORMADO,0.0,NÃO INFORMADO,0.0,SIM,"AGUARDANDO E-MAIL (A coordenadora iniciará o preenchimento e o concluirá com as contribuições e aval da gestora, que está de férias e retorna somente na segunda semana de outubro. Assim devemos enviar até meados de outubro).  ",NÃO INFORMADO,NÃO INFORMADO,NÃO INFORMADO,SIM,"AGUARDANDO E-MAIL (A coordenadora iniciará o preenchimento e o concluirá com as contribuições e aval da gestora, que está de férias e retorna somente na segunda semana de outubro. Assim devemos enviar até meados de outubro).  ",NÃO INFORMADO,NÃO INFORMADO,NÃO INFORMADO,NÃO INFORMADO,NÃO INFORMADO,SIM,"AGUARDANDO E-MAIL (A coordenadora iniciará o preenchimento e o concluirá com as contribuições e aval da gestora, que está de férias e retorna somente na segunda semana de outubro. Assim devemos enviar até meados de outubro).  ",NÃO INFORMADO,NÃO INFORMADO,0.0,NÃO INFORMADO,0.0,NÃO INFORMADO,0.0,NÃO INFORMADO,0.0,NÃO INFORMADO,0.0,NÃO INFORMADO,0.0,NÃO INFORMADO,0.0,NÃO INFORMADO,0.0,SIM,"AGUARDANDO E-MAIL (A coordenadora iniciará o preenchimento e o concluirá com as contribuições e aval da gestora, que está de férias e retorna somente na segunda semana de outubro. Assim devemos enviar até meados de outubro).  ",NÃO INFORMADO,NÃO INFORMADO,NÃO INFORMADO,NÃO INFORMADO,NÃO INFORMADO,SIM,"AGUARDANDO E-MAIL (A coordenadora iniciará o preenchimento e o concluirá com as contribuições e aval da gestora, que está de férias e retorna somente na segunda semana de outubro. Assim devemos enviar até meados de outubro).  ",NÃO INFORMADO,NÃO SE APLICA,NÃO CONSEGUIU ENTRAR EM CONTATO COM A PESSOA SOLICITADA,"Contato mantido com  Sra Raimunda (11)31202342 dia 22/09/2014 solicitou que encaminhasse e-mail para ray@franciscafranco.org.br  solicitando informações da Casa da Mamãe de São Paulo.   Solicitado a gentileza de encaminharem as informações até dia 25/09/2014 para SPM. Obs.: Foi encaminhado e-mail dia 02/09/2014  para social@franciscafranco.org.br aos cuidados de Janaina Contarde, não recebemos resposta. Sra Raimunda informou que a Sra Janaina está de férias.  SEGUE RESPOSTA RECEBIDA DIA 23/09/2014 DO E-MAIL ENCAMINHADO:  Confirmamos o recebimento do ofício e do questionário. Iremos corresponder com informações da Casa da Mamãe, contribuindo assim para a Rede de Atendimento e Enfrentamento à Violência contra a Mulher. Destaco que os documentos foram encaminhados para a coordenadora da Casa da Mamãe e para a gestora da área social da Fundação Francisca Franco.A coordenadora iniciará o preenchimento e o concluirá com as contribuições e aval da gestora, que está de férias e retorna somente na segunda semana de outubro. Assim devemos enviar até meados de outubro. Por hora, encaminho o link atualizado da Fundação Francisca Franco que contém informações sobre nosso público e sobre a Casa da Mamãe.http://fundacaofranciscafranco.blogspot.com.br/ 
Atenciosamente
Guilherme Rossini - Relacionamento Institucional (11)3120-2342                                                                                                           Mantive contato no dia 02/07/2014 pelo número (11)3120-2342, falei com Raimunda – Assistente Administrativo, para obter as informações sobre a Casa da Mamãe de São Paulo - SP e ela solicitou que encaminhássemos o questionário para o endereço social@franciscafranco.org.br aos cuidados de Janaina Contarde. 
E-mail: encaminhado em 03/07/2014
",Raimunda – Assistente Administrativo - dia 23/09/2014,LÍGIA SILVA,,
71.0,SE,RJ,3304557.0,RIO DE JANEIRO,Serviços de Abrigamento,Serviços de Abrigamento,Casa Abrigo Lar da Mulher - Rio de Janeiro,Vinculado à Secretaria de Estado de assistência Social e Direitos Humanos,(21)3668-6512,sueli@riosolidario.org,Sueli da Silveira Ferreira.,(21)3668-6512,CONFERIDO,JUNHO,CAMILLA PAOLONE ,CONFERIDO,JUNHO,2014-06-24T00:00:00Z,2007-06-29T00:00:00Z,2007.0,24h. ,Centro de referência especializado e Sejuvidas ,SIM,SIM,1.0,SIM,1.0,SIM,1.0,NÃO,0.0,SIM,5.0,SIM,1.0,NÃO,SEM ESPECIFICAÇÃO,SIM,NÃO,NÃO,NÃO,SEM ESPECIFICAÇÃO,SIM,SIM,SIM,NÃO,NÃO,SIM,"A DIRETORA INFORMOU QUE A CASA ABRIGO ATENDE MULHERES ABAIXO DE 18 ANOS E ACIMA DE 59 ANOS.NO CASO DE SER MENOR DE 18 ANOS APENAS SE TIVER UMA VIDA CONJUGAL,ACIMA DE 59 SE NÃO NECESSITAR DE CUIDADOS ESPECIAIS.A MESMA INFORMOU QUE TODO CASO É AVALIADO.",SIM,SIM,2.0,SIM,1.0,SIM,5.0,SIM,4.0,SIM,1.0,SIM,3.0,SIM,80.0,SIM,8.0,SIM,"A DIRETORA INFORMOU QUE NÃO SABE PRECISAMENTE QUANTAS CAMAS HÁ NA CASA,MAS INFORMOU QUE O SUFICIENTE PARA COMPORTAR PELO MENOS 80 PESSOAS.",SIM,NÃO,SIM,SIM,SIM,SIM,"A DIRETORA INFORMOU QUE A EDIFICAÇÃO ENCONTRA SE EM BOM ESTADO,PORÉM ESTÁ COM UMA PEQUENA RACHADURA NA PAREDE,MAS JÁ FOI SOLICITADA A REFORMA.",SIM,NÃO,LEVANTAMENTO REALIZADO COM SUCESSO,SEM ESPECIFICAÇÃO,Sueli da Silveira Ferreira. - Diretora,GERSILENE,,
72.0,N,TO,1721000.0,PALMAS,Serviços de Abrigamento,Serviços de Abrigamento,Casa Abrigo de Atendimento à Mulher Vítima de Violência - Palmas,à Superintendência da Mulher e a Secretaria de Governo,(63)2111-2823,sumudhe.palmas@gmail.com ,Naysangela Gomes Tenório ,(63)8421-3508,ALTERADO - DADOS,SETEMBRO,LÍGIA SILVA,CONFERIDO,SETEMBRO,2014-09-22T00:00:00Z,2005-06-27T00:00:00Z,2005.0,24h,CEAM E DEAM,SIM,NÃO,0.0,SIM,1.0,NÃO,0.0,NÃO,0.0,SIM,3.0,SIM,1.0,NÃO,SEM ESPECIFICAÇÃO,NÃO,SIM,NÃO,NÃO,SEM ESPECIFICAÇÃO,SIM,SIM,SIM,NÃO,NÃO,NÃO,SEM ESPECIFICAÇÃO,SIM,NÃO,0.0,SIM,1.0,NÃO,0.0,NÃO,0.0,SIM,2.0,SIM,1.0,SIM,7.0,SIM,1.0,NÃO,SEM ESPECIFICAÇÃO,NÃO,NÃO,NÃO,SIM,SIM,NÃO,SEM ESPECIFICAÇÃO,SIM,NÃO INFORMADO,LEVANTAMENTO REALIZADO COM SUCESSO,SEM ESPECIFICAÇÃO,Naysangela Gomes Tenório - Coordenadora,PATRICIA DIAS,,
73.0,S,PR,4106902.0,CURITIBA,Serviços de Abrigamento,Serviços de Abrigamento,Unidade de Acolhimento Institucional (UAI) Casa de Maria - Curitiba,Fundação de Ação social,(41)3228-2212        (41)3228-1430           ,uaicasademaria@fas.curitiba.pr.gov.br,Mônica Camila de Moura Pinheiro Pelá.,(41)9842-1053,ALTERADO - DADOS,JUNHO,CAMILLA PAOLONE,CONFERIDO,JUNHO,2014-06-18T00:00:00Z,NÃO INFORMADO,NÃO INFORMADO,De 08 às 18h devido o encaminhamento ser feito pelo CREAS. O atendimento dentro da casa abrigo é 24h., CREAS,NÃO,NÃO,0.0,NÃO,0.0,NÃO,0.0,NÃO,0.0,NÃO,0.0,SIM,2.0,SIM,"Onze educadores sociais, duas serviços gerais, duas cozinheiras, uma administrativo e um apoio técnico. A Prefeitura cede guardas municipais para fazer a segurança da casa abrigo.",SIM,NÃO,NÃO,NÃO,SEM ESPECIFICAÇÃO,SIM,SIM,NÃO,NÃO,NÃO,NÃO,SEM ESPECIFICAÇÃO,SIM,SIM,2.0,SIM,1.0,SIM,4.0,SIM,1.0,SIM,1.0,SIM,3.0,SIM,23.0,SIM,4.0,SIM,Uma secadora de roupa.,SIM,NÃO,SIM,SIM,SIM,NÃO,SEM ESPECIFICAÇÃO,SIM,SEM ESPECIFICAÇÃO,LEVANTAMENTO REALIZADO COM SUCESSO,SEM ESPECIFICAÇÃO,Mônica Camila de Moura Pinheiro Pelá.         Diretora,Maria Mônica Ferreira.,,
74.0,N,PA,1506807.0,SANTARÉM,Serviços de Abrigamento,Serviços de Abrigamento,Casa Abrigo Estadual - Santarém,Secretaria de Estado de Assistência Social.,(93)3523-8392         (91)8895-6732,unidaderegional@hotmail.com,Diele Sampaio.,(93)9122-0032,CONFERIDO,JUNHO,CAMILLA PAOLONE,CONFERIDO,JUNHO,2014-06-16T00:00:00Z,2012-06-21T00:00:00Z,2012.0,24hs,Propas integrado a Deam.,SIM,SIM,2.0,SIM,1.0,SIM,1.0,NÃO,0.0,SIM,4.0,SIM,1.0,SIM,"Quatro monitoras, duas administrativas, quatro auxiliares operacional e duas serviços gerais.

",SIM,NÃO,NÃO,NÃO,SEM ESPECIFICAÇÃO,SIM,SIM,SIM,NÃO,NÃO,NÃO,SEM ESPECIFICAÇÃO,SIM,SIM,2.0,SIM,1.0,SIM,3.0,SIM,2.0,SIM,1.0,SIM,1.0,SIM,20.0,SIM,1.0,SIM,"Um dvd, um microsistem, um microondas e ar condicionado.",SIM,NÃO,NÃO,NÃO,SIM,NÃO,SEM ESPECIFICAÇÃO,SIM,SEM ESPECIFICAÇÃO,LEVANTAMENTO REALIZADO COM SUCESSO,SEM ESPECIFICAÇÃO,Diele Sampaio.      Gerente Geral,Maria Mônica Ferreira.,,
75.0,NE,RN,2408102.0,NATAL,Serviços de Abrigamento,Serviços de Abrigamento,Casa Abrigo Clara Camarão - Natal,Secretaria Municipal de Políticas para as Mulheres,(84)3232-9283   ,veralucia.fonseca@natal.rn.gov.br,Vera Lúcia Raposo Fonseca.,NÃO INFORMADO,CONFERIDO,JUNHO,CAMILLA PAOLONE,CONFERIDO,JUNHO,2014-06-20T00:00:00Z,NÃO INFORMADO,2004.0,"Não tem atendimento ao público, o serviço de abrigamento funciona 24h.","Deam, Centro de Referência,Creas.",SIM,SIM,1.0,SIM,1.0,SIM,1.0,SIM,1.0,SIM,5.0,SIM,1.0,NÃO,NÃO,SIM,NÃO,NÃO,NÃO,SEM ESPECIFICAÇÃO,SIM,SIM,SIM,NÃO,NÃO,NÃO,SEM ESPECIFICAÇÃO,SIM,SIM,1.0,SIM,2.0,SIM,1.0,SIM,1.0,SIM,4.0,SIM,1.0,SIM,15.0,SIM,2.0,NÃO,SEM ESPECIFICAÇÃO,SIM,NÃO,SIM,SIM,SIM,NÃO,SEM ESPECIFICAÇÃO,SIM,NÃO,LEVANTAMENTO REALIZADO COM SUCESSO,SEM ESPECIFICAÇÃO,FABIANA DE CÁSSIA VIEIRA DA SILVA - CORDENADORA.,GERSILENE,,
76.0,NE,PB,2504009.0,CAMPINA GRANDE,Serviços de Abrigamento,Serviços de Abrigamento,Casa Abrigo da Mulher - Campina Grande  ,Gabinete do Prefeito,(83)3322-2368          (83)3310-6279   ,violenciamulhercg@gmail.com,Maria do Carmo Arruda Melo.,(83)9600-0246,ALTERADO - DADOS,JUNHO,CAMILLA PAOLONE,CONFERIDO,JUNHO,2014-06-16T00:00:00Z,2013-11-25T00:00:00Z,2013.0,24h,"Deam, conselho tutelar, ministério público, juizado da mulher, creas e cras,policia civil, Instituto de Saúde Euclides de Almeida.",SIM,SIM,3.0,SIM,3.0,SIM,3.0,SIM,1.0,SIM,4.0,SIM,2.0,SIM,"Seis serviços gerais, duas agentes administrativas e duas cozinheiras. ",SIM,NÃO,NÃO,NÃO,SEM ESPECIFICAÇÃO,SIM,SIM,NÃO,NÃO,NÃO,NÃO,SEM ESPECIFICAÇÃO,SIM,SIM,2.0,SIM,1.0,SIM,1.0,SIM,1.0,SIM,2.0,SIM,1.0,SIM,20.0,SIM,3.0,NÃO,SEM ESPECIFICAÇÃO,SIM,NÃO,SIM,SIM,SIM,NÃO,SEM ESPECIFICAÇÃO,SIM,SEM ESPECIFICAÇÃO,LEVANTAMENTO REALIZADO COM SUCESSO,SEM ESPECIFICAÇÃO,"Maria Marli Castelo Branco de Melo.   
Coordenadora Geral
",Maria Mônica Ferreira,,
77.0,CO,MS,5003702.0,DOURADOS,Serviços de Abrigamento,Serviços de Abrigamento,Casa Abrigo para Mulheres - Dourados,Coordenadoria de Políticas Públicas para as Mulheres e Secretaria Municipal de Assistência Social,(67)3424-5268,vivamulherdourados@hotmail.com,Regina Helena Vargas Valente de Alencar.,(67)9242-4972,ALTERADO - DADOS,JULHO,NILVA,CONFERIDO,JUNHO,2014-06-30T00:00:00Z,2008-07-20T00:00:00Z,2008.0,24h,"CRAM, DEAM, CRAS, CREAS, unidade de saúde, polícia civil, polícia militar e guarda municipal.",SIM,NÃO,0.0,NÃO,0.0,NÃO,0.0,NÃO,0.0,NÃO,0.0,NÃO,0.0,SIM,Complemento da Resposta 1.1;  1.2 ;  1.3 e 1.4 - Equipe Técnica do  CRAM faz o atendimento das cidadãs que estão na Casa Abrigo. Complemento da Resposta 1.5 - Parceria com a Guarda Municipal e Polícia Militar. ,SIM,NÃO,NÃO,NÃO,SEM ESPECIFICAÇÃO ,SIM,SIM,SIM,NÃO,NÃO,NÃO ,SEM ESPECIFICAÇÃO,NÃO,SIM,1.0,NÃO,0.0,NÃO,0.0,NÃO,0.0,SIM,1.0,SIM,2.0,SIM,8.0,SIM,2.0,SIM ,Um freezer.,SIM,NÃO,SIM,NÃO,SIM,NÃO,SEM ESPECIFICAÇÃO,SIM,SEM ESPECIFICAÇÃO,LEVANTAMENTO REALIZADO COM SUCESSO,SEM ESPECIFICAÇÃO,"Regina Helena Vargas Valente de Alencar.
Coordenadora.
",Maria Mônica Ferreira.,,
